Series Name	Series Code	Country Name	Country Code	Scale (Precision)	1960 [YR1960]	1961 [YR1961]	1962 [YR1962]	1963 [YR1963]	1964 [YR1964]	1965 [YR1965]	1966 [YR1966]	1967 [YR1967]	1968 [YR1968]	1969 [YR1969]	1970 [YR1970]	1971 [YR1971]	1972 [YR1972]	1973 [YR1973]	1974 [YR1974]	1975 [YR1975]	1976 [YR1976]	1977 [YR1977]	1978 [YR1978]	1979 [YR1979]	1980 [YR1980]	1981 [YR1981]	1982 [YR1982]	1983 [YR1983]	1984 [YR1984]	1985 [YR1985]	1986 [YR1986]	1987 [YR1987]	1988 [YR1988]	1989 [YR1989]	1990 [YR1990]	1991 [YR1991]	1992 [YR1992]	1993 [YR1993]	1994 [YR1994]	1995 [YR1995]	1996 [YR1996]	1997 [YR1997]	1998 [YR1998]	1999 [YR1999]	2000 [YR2000]	2001 [YR2001]	2002 [YR2002]	2003 [YR2003]	2004 [YR2004]	2005 [YR2005]	2006 [YR2006]	2007 [YR2007]	2008 [YR2008]	2009 [YR2009]	2010 [YR2010]	2011 [YR2011]	2012 [YR2012]	2013 [YR2013]
GDP per capita (current US$)	NY.GDP.PCAP.CD	Afghanistan	AFG	Unit (0.0)	61.3	61.3	59.8	80.4	83.8	103.1	140.1	163.7	131.2	131.3	158.8	161.7	137.0	144.9	175.6	188.6	199.5	226.6	250.0	278.9	276.3	268.3																				115.3	186.0	198.3	220.1	252.4	275.4	373.6	377.0	450.7	561.2	614.0	687.6	678.3
GDP per capita (current US$)	NY.GDP.PCAP.CD	Albania	ALB	Unit (0.0)																									662.5	662.9	719.2	699.4	676.6	723.4	639.5	348.7	218.5	380.5	619.1	760.6	951.1	697.6	871.9	1104.7	1193.5	1335.1	1458.1	1863.2	2476.1	2798.9	3077.0	3638.7	4422.7	4175.8	4175.1	4556.1	4406.1	4652.4
GDP per capita (current US$)	NY.GDP.PCAP.CD	Algeria	DZA	Unit (0.0)	241.5	210.6	169.0	222.7	233.8	245.6	231.6	249.8	277.4	298.0	331.1	336.3	435.9	546.9	806.7	924.2	1024.1	1177.6	1438.3	1760.3	2174.3	2206.0	2176.9	2274.8	2424.2	2535.9	2705.9	2755.0	2372.6	2175.1	2364.5	1699.9	1743.3	1773.8	1479.6	1424.6	1572.8	1587.6	1563.5	1555.2	1727.3	1702.8	1742.6	2056.3	2550.0	3038.7	3391.4	3845.8	4786.5	3771.3	4349.6	5271.6	5309.8	5360.7
GDP per capita (current US$)	NY.GDP.PCAP.CD	American Samoa	ASM	Unit (0.0)																																																						
GDP per capita (current US$)	NY.GDP.PCAP.CD	Andorra	ADO	Unit (0.0)											3238.1	3497.9	4217.4	5343.1	6321.0	7168.4	7151.6	7751.2	9127.6	11819.6	12377.7	10372.3	9611.2	8023.3	7729.3	7775.0	10362.2	12615.1	14305.2	15166.9	18876.7	19530.8	20541.8	16508.9	16227.0	18460.0	19043.8	18421.7	18996.4	19347.1	17334.3	18599.4	20326.9	25355.3	29372.2	31269.0	34484.7	39922.9	46418.4					
GDP per capita (current US$)	NY.GDP.PCAP.CD	Angola	AGO	Unit (0.0)																										750.7	681.9	772.2	814.0	923.6	992.9	1144.7	525.3	464.8	345.7	416.3	604.4	597.9	490.6	455.4	655.6	621.2	839.5	920.1	1229.3	1706.5	2440.6	3412.7	4596.3	3988.7	4218.6	5159.2	5539.3	5668.1
GDP per capita (current US$)	NY.GDP.PCAP.CD	Antigua and Barbuda	ATG	Unit (0.0)																		941.9	1061.7	1307.4	1565.6	1784.4	2000.8	2255.4	2595.0	3070.4	3806.1	4512.5	5415.8	6025.8	6325.2	6575.5	6680.4	7037.9	7514.5	7230.3	7702.7	8027.6	8355.6	8572.4	10144.4	9855.5	10077.5	10496.8	11076.1	12135.5	13675.1	15276.1	15787.0	13977.9	13017.5	12785.2	13406.2	13668.9
GDP per capita (current US$)	NY.GDP.PCAP.CD	Argentina	ARG	Unit (0.0)			1148.2	844.7	1165.8	1271.4	1265.8	1057.3	1136.1	1323.7	1317.2	1366.1	1401.3	2083.8	2824.4	2011.4	1932.1	2111.6	2128.1	2500.0	2736.9	2755.7	2908.3	3532.5	2646.4	2914.2	3602.2	3554.9	3979.6	2382.2	4332.7	5736.0	6825.0	6971.1	9065.6	8973.3	9348.6	9939.8	10028.8	9405.8	9329.1	8732.5	3285.0	4134.5	4784.7	5767.7	6783.7	8384.2	10233.0	9456.8	11460.4	13693.7	14679.9	14760.2
GDP per capita (current US$)	NY.GDP.PCAP.CD	Armenia	ARM	Unit (0.0)																															636.7	589.0	368.9	356.5	399.8	455.6	503.2	522.5	608.3	596.5	621.4	692.3	779.9	924.6	1182.1	1625.4	2126.1	3079.2	3916.7	2913.6	3124.8	3421.7	3354.0	3504.8
GDP per capita (current US$)	NY.GDP.PCAP.CD	Aruba	ABW	Unit (0.0)																																			17342.5	16441.4	16586.2	17927.4	19081.6	19356.4	20619.6	20671.5	20433.7	20834.9	22566.7	23302.8	24015.4	25921.3	27549.3	24639.9	24289.1	25354.8		
GDP per capita (current US$)	NY.GDP.PCAP.CD	Australia	AUS	Unit (0.0)	1810.8	1878.3	1854.8	1967.3	2131.6	2281.2	2343.6	2579.9	2723.7	2991.2	3304.6	3494.8	3948.9	4769.7	6482.5	7002.0	7484.2	7773.4	8250.3	9291.6	10206.8	11850.0	12784.8	11533.3	12454.6	11457.8	11393.5	11665.0	14331.1	17894.2	18247.4	18837.2	18599.0	17658.1	18080.7	20375.3	21931.1	23536.7	21352.3	20546.7	21678.5	19504.6	20072.0	23455.8	30464.0	34011.7	36113.0	40996.3	49672.7	42721.9	51824.8	62081.0	67436.0	67468.1
GDP per capita (current US$)	NY.GDP.PCAP.CD	Austria	AUT	Unit (0.0)	935.5	1031.8	1087.8	1167.0	1269.4	1374.5	1487.0	1569.7	1677.7	1825.4	2037.6	2356.5	2894.0	3850.7	4583.2	5231.3	5620.0	6740.7	8121.2	9693.1	10757.9	9288.8	9313.7	9439.4	8898.7	9077.9	12948.7	16224.3	17398.0	17289.5	21458.2	22180.7	24624.5	23834.1	25383.2	30014.3	29485.6	26082.5	26743.8	26563.2	23974.2	23833.8	25679.1	31268.6	35662.2	37067.3	39299.6	45181.5	49679.1	45872.2	45016.7	49485.5	46792.2	49074.2
GDP per capita (current US$)	NY.GDP.PCAP.CD	Azerbaijan	AZE	Unit (0.0)																															1237.3	1209.2	676.2	530.1	436.2	397.2	409.2	505.6	561.9	573.9	655.1	703.7	763.1	883.6	1045.0	1578.4	2473.0	3851.4	5574.6	4950.3	5842.8	7189.7	7393.8	7811.8
GDP per capita (current US$)	NY.GDP.PCAP.CD	Bahamas, The	BHS	Unit (0.0)	1550.3	1651.5	1753.0	1867.1	1994.5	2144.9	2323.0	2556.9	2804.7	3215.4	3179.2	3297.9	3322.6	3696.6	3416.6	3156.5	3328.6	3617.1	4130.8	5532.0	6338.6	6622.4	7165.2	7695.0	8873.8	9888.6	10339.3	11150.5	11381.5	12157.4	12350.9	11915.5	11683.7	11405.2	11815.7	12244.2	12722.2	17295.5	18465.1	20515.0	21250.6	21506.7	22514.9	22017.7	22005.0	23416.9	23733.8	24321.1	23674.1	22060.9	21881.1	21490.4	21908.3	
GDP per capita (current US$)	NY.GDP.PCAP.CD	Bahrain	BHR	Unit (0.0)																					8537.6	9269.1	9446.2	9421.5	9590.8	8706.8	7041.4	7554.5	7957.8	8030.0	8528.8	9057.7	9088.6	9707.2	10138.1	10376.4	10526.0	10628.1	10013.9	10330.9	13562.7	12846.5	13149.3	14344.9	16027.3	18156.4	19459.7	21049.6	23037.9	19251.1	20546.0	22466.9	23039.7	24612.5
GDP per capita (current US$)	NY.GDP.PCAP.CD	Bangladesh	BGD	Unit (0.0)	86.3	94.5	97.0	98.7	97.0	103.3	109.1	119.0	119.0	130.9	135.6	129.4	91.5	115.7	175.8	268.4	136.4	126.9	170.5	194.2	219.6	233.2	207.8	191.9	214.3	229.2	218.5	239.1	251.0	256.0	280.6	281.6	282.0	288.7	287.7	316.5	332.2	338.7	345.9	351.6	356.0	348.8	347.2	373.0	400.5	421.1	427.3	467.1	537.6	597.7	664.1	732.1	750.1	829.3
GDP per capita (current US$)	NY.GDP.PCAP.CD	Barbados	BRB	Unit (0.0)	378.5	402.5	417.0	467.1	462.2	487.4	523.9	579.8	579.3	649.6	760.6	850.5	966.9	1172.0	1392.9	1637.0	1768.0	2003.4	2233.0	2701.8	3458.6	3792.4	3945.3	4168.9	4522.0	4710.7	5150.0	5647.8	5984.1	6593.0	7801.9	7714.5	7475.8	7818.4	8197.3	8595.3	9139.9	9634.3	10831.9	11314.1	11675.2	11600.4	11756.3	12077.8	12893.6	14225.0	15691.8	16336.0	16358.0	16460.8	15812.3	15503.3	14917.1	
GDP per capita (current US$)	NY.GDP.PCAP.CD	Belarus	BLR	Unit (0.0)																															1704.7	1747.4	1666.2	1590.0	1460.0	1370.7	1452.4	1396.5	1511.8	1209.6	1273.0	1244.4	1479.5	1819.5	2378.4	3126.4	3848.6	4736.0	6377.4	5176.0	5818.9	6305.8	6721.8	7575.5
GDP per capita (current US$)	NY.GDP.PCAP.CD	Belgium	BEL	Unit (0.0)	1273.7	1350.2	1438.5	1535.0	1701.8	1835.6	1957.6	2086.6	2222.4	2458.1	2732.2	3045.4	3785.0	4841.3	5664.0	6619.8	7154.9	8324.4	10164.5	11666.9	12707.4	10493.5	9230.1	8738.6	8354.3	8644.3	12021.9	14951.6	16191.6	16323.9	20349.6	20785.5	23088.1	22012.7	23913.9	28068.0	27154.3	24532.0	25051.3	24886.9	22697.0	22600.9	24465.3	30039.1	34706.7	36011.5	37918.8	43255.4	47374.5	43834.1	43150.8	46463.6	43395.7	45387.2
GDP per capita (current US$)	NY.GDP.PCAP.CD	Belize	BLZ	Unit (0.0)	304.9	316.4	327.1	336.9	351.2	377.6	406.1	420.4	387.0	396.7	435.7	474.4	519.6	605.9	786.1	886.0	717.1	858.8	980.8	1074.2	1351.0	1307.2	1183.2	1212.9	1315.3	1268.2	1343.9	1587.1	1760.1	1980.4	2202.3	2323.9	2658.6	2821.1	2870.1	2995.9	3019.5	2994.3	3060.5	3159.7	3486.2	3555.7	3704.5	3833.4	3991.3	4097.5	4363.9	4509.1	4665.4	4446.6	4531.8	4707.9	4852.5	4834.3
GDP per capita (current US$)	NY.GDP.PCAP.CD	Benin	BEN	Unit (0.0)	93.0	95.6	94.5	99.8	104.3	110.1	113.0	112.0	117.0	116.2	114.7	112.7	135.0	162.2	174.2	207.4	208.8	218.5	263.6	327.8	378.0	337.8	322.5	270.8	252.4	243.9	302.7	343.7	345.8	310.6	391.9	383.3	315.2	407.5	276.2	362.5	382.3	356.6	375.0	369.2	339.5	348.3	378.7	464.0	511.3	532.6	557.2	632.4	739.3	712.6	689.6	745.9	750.5	804.7
GDP per capita (current US$)	NY.GDP.PCAP.CD	Bermuda	BMU	Unit (0.0)	1902.4	1961.5	2020.4	2020.3	2199.7	2282.2	2630.9	2982.7	2830.2	3053.7	3387.3	3866.3	4343.2	5009.3	5853.9	6509.4	7261.3	8370.8	8876.9	9613.4	11218.2	13426.0	14166.2	15902.0	17469.8	18269.5	20450.7	22411.8	24253.2	25517.9	26841.5	27700.3	28669.7	30900.7	31476.1	33989.7	44826.8	48478.9	51371.7	54245.5	56284.2	58884.0	62583.1	66111.7	70359.3	75882.0	83912.7	90849.6	93605.7	88463.3	88207.3	85973.2	84470.8	
GDP per capita (current US$)	NY.GDP.PCAP.CD	Bhutan	BTN	Unit (0.0)																					328.7	345.2	342.7	372.1	370.9	367.0	415.7	505.2	548.7	521.1	559.6	467.5	474.7	453.2	529.3	595.3	617.3	702.2	706.3	763.8	778.2	820.1	897.4	1009.2	1108.5	1259.0	1348.7	1760.6	1817.8	1795.1	2211.3	2523.7	2508.9	2498.4
GDP per capita (current US$)	NY.GDP.PCAP.CD	Bolivia	BOL	Unit (0.0)	167.9	178.7	191.1	201.2	221.6	242.3	259.0	276.0	226.0	234.3	241.2	253.5	283.9	278.2	451.3	504.3	559.4	645.2	733.8	843.2	845.1	1071.8	993.9	941.0	1045.7	890.2	640.2	686.7	709.3	710.7	716.4	768.1	792.3	786.4	801.4	879.5	947.5	993.4	1042.6	995.5	988.5	939.1	893.9	896.4	954.9	1020.8	1203.3	1355.9	1695.6	1735.1	1934.7	2319.6	2575.7	2867.6
GDP per capita (current US$)	NY.GDP.PCAP.CD	Bosnia and Herzegovina	BIH	Unit (0.0)																																			343.2	530.1	799.3	1038.4	1130.7	1248.9	1436.0	1481.9	1706.5	2148.5	2578.7	2821.8	3199.9	3949.8	4802.5	4433.1	4362.0	4754.2	4395.8	4655.6
GDP per capita (current US$)	NY.GDP.PCAP.CD	Botswana	BWA	Unit (0.0)	58.0	61.3	64.8	67.5	71.8	76.8	83.9	92.9	101.8	115.2	138.8	177.3	223.3	318.8	385.9	431.7	435.2	508.1	638.7	853.3	1063.5	1038.2	947.4	1057.5	1082.5	941.0	1138.0	1555.7	2029.3	2295.5	2739.1	2767.9	2830.2	2763.6	2757.0	2987.5	2990.6	3029.1	2831.0	3179.4	3297.5	3078.3	3006.6	4098.8	4829.5	5294.4	5341.4	5711.7	5747.0	5178.4	6980.4	7697.4	7254.6	7316.9
GDP per capita (current US$)	NY.GDP.PCAP.CD	Brazil	BRA	Unit (0.0)	208.4	203.2	257.8	289.1	258.6	258.2	312.1	343.5	370.7	399.7	440.6	499.9	580.7	768.0	994.7	1143.1	1377.9	1552.8	1728.6	1891.7	1930.5	2115.1	2208.8	1558.4	1567.3	1636.6	1928.7	2074.4	2287.2	2893.7	3086.9	2677.1	2526.3	2791.5	3426.1	4749.8	5107.8	5219.1	4979.1	3411.9	3694.5	3128.1	2810.7	3039.7	3607.2	4739.3	5788.0	7193.9	8622.6	8373.5	10978.3	12576.2	11320.0	11208.1
GDP per capita (current US$)	NY.GDP.PCAP.CD	Brunei Darussalam	BRN	Unit (0.0)						1112.4	1235.7	1234.0	1361.0	1301.5	1380.5	1455.5	1909.5	2925.2	6953.8	7266.0	8507.3	9968.6	10765.7	15011.3	25531.5	21926.7	20795.9	18227.9	17440.2	15798.0	10281.0	11672.3	11084.0	11954.2	13702.4	14003.9	15384.4	14681.5	14223.3	16047.4	16910.5	16770.8	12771.0	14175.6	18086.6	16516.8	16868.4	18541.9	21819.3	25913.6	30613.3	32109.1	37094.0	27211.9	30880.3	41059.9	41126.6	38563.3
GDP per capita (current US$)	NY.GDP.PCAP.CD	Bulgaria	BGR	Unit (0.0)																					2261.4	2255.8	2220.8	1897.1	1943.1	1959.9	2261.8	3168.9	2561.1	2449.8	2377.3	1267.7	1214.5	1278.5	1149.4	1554.7	1063.1	1209.5	1581.8	1611.1	1579.3	1729.2	2030.8	2641.8	3249.3	3733.3	4313.4	5581.4	6916.8	6524.2	6453.4	7286.4	7022.2	7296.5
GDP per capita (current US$)	NY.GDP.PCAP.CD	Burkina Faso	BFA	Unit (0.0)	68.4	71.6	76.5	78.4	80.5	81.7	82.5	84.4	84.7	86.5	81.5	84.3	99.3	113.8	124.4	152.7	155.6	176.8	225.9	262.1	282.7	254.2	245.1	218.0	193.8	200.9	256.8	291.1	313.1	304.9	352.0	346.4	241.0	244.1	193.1	235.8	249.4	229.5	255.7	267.2	224.9	235.5	260.7	332.2	371.2	407.0	422.8	474.6	569.6	553.0	592.6	649.9	651.7	683.9
GDP per capita (current US$)	NY.GDP.PCAP.CD	Burundi	BDI	Unit (0.0)	70.3	71.5	73.8	78.9	86.6	51.6	52.5	55.1	55.2	56.1	70.2	72.1	69.6	84.9	95.3	114.5	119.7	143.1	155.8	194.7	222.9	228.6	232.4	241.4	213.4	240.9	243.5	221.6	205.0	204.4	201.9	203.0	184.1	156.3	151.3	161.1	138.1	152.7	138.6	123.5	130.4	128.2	117.3	108.0	121.9	143.8	158.3	162.8	186.9	194.9	219.5	246.9	251.0	267.5
GDP per capita (current US$)	NY.GDP.PCAP.CD	Cambodia	KHM	Unit (0.0)	111.4	109.5	109.6	117.9	123.7	134.3	138.8	143.9	156.9	141.9	102.3	135.3	68.9	93.9	77.8																			251.4	267.6	319.5	316.2	302.2	267.0	294.1	299.0	319.1	337.1	360.1	405.9	471.2	536.7	628.4	742.6	735.4	782.6	878.4	945.5	1007.6
GDP per capita (current US$)	NY.GDP.PCAP.CD	Cameroon	CMR	Unit (0.0)	115.4	120.1	125.0	126.5	133.7	136.0	139.2	148.7	163.6	174.6	171.3	177.6	200.6	240.0	299.5	355.6	386.5	411.1	523.4	670.0	754.7	829.9	772.4	755.5	774.7	784.9	992.5	1115.2	1098.8	950.8	923.9	1000.3	890.6	1027.6	680.6	627.0	679.8	669.0	637.4	676.0	583.1	589.2	648.3	790.9	892.5	914.6	964.6	1069.9	1211.3	1102.5	1090.6	1204.7	1220.0	1315.5
GDP per capita (current US$)	NY.GDP.PCAP.CD	Canada	CAN	Unit (0.0)	2294.6	2231.3	2255.2	2354.8	2529.5	2739.6	3010.7	3173.1	3411.1	3704.0	4115.7	4579.3	5133.8	5861.7	7032.7	7478.5	8770.3	8879.2	9082.2	9997.2	11118.5	12279.1	12437.6	13368.9	13768.9	13991.2	14335.7	16159.0	18814.6	20586.6	21302.4	21591.1	20692.7	19936.4	19785.7	20509.0	21129.4	21709.3	20875.2	22109.6	24032.0	23573.8	23995.0	28026.0	31829.5	36029.3	40244.9	44328.5	46398.7	40764.1	47465.3	51790.6	52409.2	51910.8
GDP per capita (current US$)	NY.GDP.PCAP.CD	Cabo Verde	CPV	Unit (0.0)																					471.7	458.1	453.5	436.2	406.4	416.1	568.2	694.0	772.5	772.5	871.9	889.3	968.2	1293.6	1043.8	1219.5	1228.0	1174.9	1225.3	1364.5	1218.8	1248.9	1352.5	1743.2	1951.8	2030.7	2298.8	3129.8	3692.0	3524.3	3413.3	3801.4	3554.4	3784.6
GDP per capita (current US$)	NY.GDP.PCAP.CD	Cayman Islands	CYM	Unit (0.0)																																					30190.7																	
GDP per capita (current US$)	NY.GDP.PCAP.CD	Central African Republic	CAF	Unit (0.0)	74.6	80.5	80.0	81.6	87.9	91.3	93.8	95.3	109.3	104.9	103.4	108.0	121.2	140.0	142.4	187.7	218.8	240.6	282.8	316.5	350.5	296.9	310.4	265.1	249.5	329.7	418.1	438.2	452.5	432.7	494.6	462.3	462.8	409.2	265.9	340.5	300.8	273.8	276.5	280.0	251.4	251.6	263.2	297.6	326.2	340.9	365.5	413.5	474.4	464.5	456.6	494.9	479.5	333.2
GDP per capita (current US$)	NY.GDP.PCAP.CD	Chad	TCD	Unit (0.0)	104.4	109.1	114.5	116.7	120.8	125.9	128.3	130.9	129.7	132.1	128.7	134.6	153.4	165.6	163.1	211.5	207.5	219.8	256.9	227.1	228.9	190.2	176.9	172.3	185.5	202.9	203.7	215.2	265.6	248.7	292.1	305.6	296.9	223.7	174.6	207.1	222.7	207.0	225.9	191.8	166.9	198.3	221.8	293.9	456.8	663.7	716.6	807.8	938.5	813.8	909.3	1006.3	1035.3	1045.9
GDP per capita (current US$)	NY.GDP.PCAP.CD	Channel Islands	CHI	Unit (0.0)																																							40538.1	42406.9	43299.4	41608.5	44157.2	48226.1	55842.7	57209.2	62263.8	73577.2						
GDP per capita (current US$)	NY.GDP.PCAP.CD	Chile	CHL	Unit (0.0)	550.6	599.7	683.8	664.4	685.3	699.5	792.7	765.1	767.3	870.1	937.6	1096.3	1161.4	1622.5	1513.3	693.1	931.7	1245.1	1415.6	1879.2	2463.5	2872.9	2108.5	1685.2	1612.6	1359.5	1437.2	1666.7	1931.5	2186.7	2388.3	2706.8	3244.3	3416.9	3882.8	4941.0	5167.6	5567.9	5266.2	4781.7	5133.1	4625.3	4487.2	4866.3	6224.0	7614.5	9371.4	10379.0	10686.0	10141.6	12681.8	14511.0	15245.5	15732.3
GDP per capita (current US$)	NY.GDP.PCAP.CD	China	CHN	Unit (0.0)	88.7	75.0	70.1	73.4	84.6	97.5	103.2	95.5	90.4	98.9	111.8	117.2	130.1	155.1	158.0	175.9	162.9	182.7	155.0	182.3	193.0	195.3	201.4	223.3	248.3	291.8	279.2	249.4	281.0	307.5	314.4	329.7	362.8	373.8	469.2	604.2	703.1	774.5	820.9	864.7	949.2	1041.6	1135.4	1273.6	1490.4	1731.1	2069.3	2651.3	3413.6	3748.5	4433.3	5447.3	6092.8	6807.4
GDP per capita (current US$)	NY.GDP.PCAP.CD	Colombia	COL	Unit (0.0)	252.5	276.1	292.5	276.5	332.5	312.0	285.4	291.2	292.5	308.0	337.2	357.4	387.0	450.0	527.4	545.9	624.7	774.7	904.3	1061.3	1240.1	1320.8	1383.1	1344.6	1299.4	1160.2	1137.5	1159.8	1225.0	1210.8	1209.2	1214.5	1423.9	1582.6	2274.9	2529.3	2609.3	2814.1	2552.5	2196.7	2503.5	2421.3	2376.1	2261.3	2752.9	3392.9	3712.8	4663.5	5405.1	5105.0	6179.8	7124.5	7763.0	7825.7
GDP per capita (current US$)	NY.GDP.PCAP.CD	Comoros	COM	Unit (0.0)																					393.8	352.7	320.6	324.5	304.2	315.3	435.7	513.2	528.3	493.5	605.7	583.5	614.4	593.9	408.6	497.7	482.7	433.2	429.0	432.2	382.2	406.1	451.7	568.8	619.1	644.3	654.0	734.8	816.5	803.5	795.5	871.7	830.5	894.4
GDP per capita (current US$)	NY.GDP.PCAP.CD	Congo, Dem. Rep.	ZAR	Unit (0.0)	220.3	197.4	235.6	377.4	170.5	232.8	253.8	184.1	206.7	258.6	243.8	272.1	292.3	362.8	430.7	447.0	409.6	509.3	616.3	587.4	546.1	463.3	491.6	386.3	268.7	239.5	262.2	241.4	271.2	267.5	267.8	250.7	217.5	272.8	143.0	134.3	133.8	138.2	138.2	102.7	406.6	154.4	176.3	175.3	196.2	221.4	257.2	286.1	326.5	301.9	330.0	372.8	417.8	453.7
GDP per capita (current US$)	NY.GDP.PCAP.CD	Congo, Rep.	COG	Unit (0.0)	130.0	145.8	156.0	157.1	164.8	171.3	185.3	193.9	199.5	204.5	205.9	234.1	289.5	370.5	388.2	493.7	471.5	464.5	518.3	687.0	949.6	1077.6	1133.9	1068.7	1085.8	1039.4	864.9	1045.4	979.5	1029.8	1174.3	1113.5	1167.8	744.2	668.2	777.8	908.2	807.0	658.3	773.2	1030.0	871.7	919.7	1039.4	1347.9	1718.1	2120.1	2233.3	3059.2	2401.3	2920.4	3414.1	3153.7	3172.1
GDP per capita (current US$)	NY.GDP.PCAP.CD	Costa Rica	CRI	Unit (0.0)	380.4	354.9	334.8	345.4	354.0	374.6	396.5	416.0	447.5	480.6	540.5	576.9	647.9	781.7	832.3	955.6	1145.9	1421.1	1585.7	1766.8	2057.3	1086.5	1049.6	1557.1	1749.7	1777.4	1975.6	2050.9	2073.5	2287.9	2404.9	2269.5	2651.4	2909.8	3111.0	3370.2	3320.6	3507.1	3759.9	4111.8	4058.0	4087.1	4114.6	4199.7	4379.4	4621.4	5128.4	5897.5	6581.3	6385.6	7773.2	8704.1	9442.7	10184.6
GDP per capita (current US$)	NY.GDP.PCAP.CD	Cote d'Ivoire	CIV	Unit (0.0)	157.2	171.6	172.5	195.6	227.4	218.0	232.7	235.9	267.2	271.7	277.7	288.7	321.8	416.6	486.7	589.4	674.1	865.7	1043.8	1155.6	1231.1	977.1	840.4	728.5	700.2	686.9	868.6	923.0	906.2	833.2	891.1	837.4	861.2	825.8	602.5	773.7	829.6	779.3	828.1	794.6	645.8	642.2	688.9	812.4	903.0	940.8	983.3	1102.9	1282.3	1238.7	1207.8	1241.6	1244.0	1521.2
GDP per capita (current US$)	NY.GDP.PCAP.CD	Croatia	HRV	Unit (0.0)																															5184.6	4025.8	2299.7	2349.3	3135.1	4721.7	5193.9	5140.3	5578.0	5067.6	4861.7	5191.9	5974.1	7690.0	9237.1	10090.4	11228.6	13372.3	15694.1	14044.1	13326.6	14372.0	13158.8	13529.9
GDP per capita (current US$)	NY.GDP.PCAP.CD	Cuba	CUB	Unit (0.0)											653.2	779.6	901.4	1088.4	1224.4	1380.3	1444.9	1474.6	1837.8	2003.3	2024.7	2038.2	2110.0	2226.1	2397.1	2270.1	2378.9	2451.3	2641.2	2572.9	2702.2	2275.9	2053.0	2066.9	2615.0	2783.4	2278.3	2300.9	2326.2	2555.1	2744.1	2835.1	2995.9	3192.4	3388.8	3776.5	4667.0	5185.4	5382.8	5499.1	5702.0	6051.2		
GDP per capita (current US$)	NY.GDP.PCAP.CD	Curacao	CUW	Unit (0.0)																																																						
GDP per capita (current US$)	NY.GDP.PCAP.CD	Cyprus	CYP	Unit (0.0)																976.3	1157.4	1476.2	1929.4	2559.2	4232.0	4033.2	4122.8	4091.0	4258.7	4488.3	5642.6	6690.6	7645.6	8038.9	9641.6	9696.1	11310.1	10526.1	11617.7	14212.1	14133.3	13276.7	14069.1	14236.9	13421.7	13797.1	14862.5	18428.9	21380.9	22430.6	23863.6	27860.3	31928.4	29427.9	27889.0	29206.5	26352.3	
GDP per capita (current US$)	NY.GDP.PCAP.CD	Czech Republic	CZE	Unit (0.0)																															3786.9	2783.0	3240.5	3801.0	4448.9	5595.6	6291.1	5770.9	6203.7	6045.0	5734.5	6301.0	7691.1	9347.9	11177.4	12737.6	14491.2	17524.2	21707.8	18880.5	18950.3	20584.9	18690.0	18861.4
GDP per capita (current US$)	NY.GDP.PCAP.CD	Denmark	DNK	Unit (0.0)	1364.5	1503.5	1681.0	1775.4	2013.2	2243.9	2443.3	2644.8	2712.6	3068.2	3366.1	3730.6	4525.8	5966.3	6609.4	7825.0	8610.2	9601.2	11617.0	13516.4	13607.1	11788.2	11516.1	11576.3	11290.9	11968.6	16866.5	20941.3	22074.4	21443.0	26422.8	26520.4	29043.7	27102.9	29502.1	34773.7	35043.4	32249.0	32738.7	32685.3	29980.2	29946.4	32344.3	39443.3	45282.1	47546.6	50462.2	57021.2	62596.5	56226.6	56410.8	59911.9	56364.2	58929.6
GDP per capita (current US$)	NY.GDP.PCAP.CD	Djibouti	DJI	Unit (0.0)																										803.8		767.4	754.8	730.6	766.8	754.9	759.6	726.0	753.2	749.6	730.9	730.7	734.8	753.3	762.5	780.1	794.1	823.8	869.8	912.5	976.3	1061.6	1233.3	1458.9	1353.2	1463.6	1574.6	1668.3
GDP per capita (current US$)	NY.GDP.PCAP.CD	Dominica	DMA	Unit (0.0)																		495.4	608.4	591.2	784.7	878.5	958.5	1069.2	1210.6	1338.7	1534.7	1745.9	2003.9	2152.9	2344.9	2546.8	2701.7	2814.7	3018.8	3139.2	3323.4	3473.6	3676.5	3830.2	4656.6	4750.9	4684.4	4864.6	5218.3	5126.2	5408.1	5828.0	6379.8	6797.5	6677.0	6883.4	6913.1	7011.0
GDP per capita (current US$)	NY.GDP.PCAP.CD	Dominican Republic	DOM	Unit (0.0)	203.0	191.0	232.8	257.2	271.5	227.7	244.6	249.6	252.7	279.8	328.3	358.2	415.7	477.6	580.6	696.4	745.8	845.0	858.8	966.1	1138.2	1218.9	1305.5	1381.6	1618.8	773.3	918.4	855.7	772.8	941.9	976.3	1315.5	1495.6	1687.8	1852.2	2050.5	2233.4	2373.1	2522.6	2545.7	2769.9	2829.2	2973.7	2344.5	2407.2	3635.7	3794.1	4297.5	4697.0	4702.9	5089.5	5462.7	5733.5	5826.1
GDP per capita (current US$)	NY.GDP.PCAP.CD	Ecuador	ECU	Unit (0.0)	223.8	210.8	200.6	211.1	228.3	457.9	452.7	462.2	454.0	531.6	475.1	444.3	499.7	593.5	978.9	1115.9	1277.1	1507.9	1587.8	1839.0	2260.8	2688.3	2395.6	2011.1	1934.5	1913.5	1666.9	1480.9	1352.4	1405.0	1505.3	1639.7	1707.3	1747.7	2050.3	2159.1	2182.7	2386.7	2323.6	1598.8	1462.3	1914.4	2191.0	2442.3	2704.7	3012.8	3337.4	3574.9	4255.9	4236.8	4500.6	5035.2	5424.6	5720.2
GDP per capita (current US$)	NY.GDP.PCAP.CD	Egypt, Arab Rep.	EGY	Unit (0.0)						159.3	162.1	165.1	176.3	193.2	211.4	222.5	231.0	248.3	228.0	283.4	324.2	347.7	345.3	413.0	509.9	509.4	544.6	585.3	622.9	689.0	696.1	767.5	648.8	718.2	765.6	644.2	717.1	785.4	861.6	983.5	1088.6	1243.2	1323.7	1393.5	1509.6	1452.8	1286.2	1194.3	1116.9	1249.5	1472.6	1757.8	2156.8	2461.5	2803.5	2972.6	3256.0	3314.5
GDP per capita (current US$)	NY.GDP.PCAP.CD	El Salvador	SLV	Unit (0.0)						270.6	278.2	283.8	285.5	288.6	303.3	309.2	320.9	357.2	402.7	445.2	538.3	666.4	695.0	755.8	766.9	726.0	707.5	719.7	741.5	759.5	744.1	771.0	805.8	829.7	898.3	978.9	1080.5	1239.5	1424.1	1652.8	1776.5	1901.7	2037.0	2102.4	2204.2	2307.8	2381.2	2495.6	2611.2	2814.9	3042.7	3283.5	3483.7	3341.3	3444.5	3698.5	3781.5	3826.1
GDP per capita (current US$)	NY.GDP.PCAP.CD	Equatorial Guinea	GNQ	Unit (0.0)			35.4	41.5	48.0	240.3	250.9	256.0	233.9	230.2	228.0	228.0	238.0	309.5	377.3	437.8	453.6	471.7			229.6	157.8	176.6	163.2	171.3	198.6	232.8	273.8	285.8	243.6	299.9	287.0	337.1	329.1	235.8	321.1	509.4	938.6	761.9	1236.9	2018.6	2733.2	3276.7	4370.3	7527.1	11456.8	13003.6	15943.8	23432.4	13858.9	16643.1	21949.6	22391.5	20572.3
GDP per capita (current US$)	NY.GDP.PCAP.CD	Eritrea	ERI	Unit (0.0)																																	143.2	139.9	158.0	169.6	199.7	192.8	203.2	181.5	179.3	183.4	170.3	194.6	237.7	226.3	240.5	253.0	256.4	334.1	368.7	439.5	504.3	543.8
GDP per capita (current US$)	NY.GDP.PCAP.CD	Estonia	EST	Unit (0.0)																																		2596.4	2725.2	3031.1	3342.0	3608.6	4038.7	4132.5	4062.8	4495.4	5310.0	7182.5	8830.1	10264.1	12472.8	16404.9	17786.1	14542.1	14295.0	16982.3	16887.4	18478.3
GDP per capita (current US$)	NY.GDP.PCAP.CD	Ethiopia	ETH	Unit (0.0)																						199.2	203.9	219.8	201.3	228.2	229.6	237.7	238.4	242.6	248.8	265.7	199.9	162.5	123.2	131.9	142.7	139.2	123.1	117.8	122.6	118.9	110.2	117.6	134.3	159.8	191.6	240.5	321.6	375.3	337.4	350.9	466.6	498.1
GDP per capita (current US$)	NY.GDP.PCAP.CD	Faeroe Islands	FRO	Unit (0.0)																																							24543.6	24584.7	22850.4	24502.0	26563.8	30778.8	34520.9	35211.6	39870.0	45974.7	48645.4	44317.3				
GDP per capita (current US$)	NY.GDP.PCAP.CD	Fiji	FJI	Unit (0.0)	285.6	287.3	291.6	296.8	310.9	317.1	316.2	333.3	334.7	357.5	422.4	466.0	583.4	768.7	988.0	1186.7	1182.2	1202.7	1360.9	1640.7	1893.0	1898.6	1786.9	1638.6	1681.9	1603.6	1795.7	1632.4	1535.9	1632.7	1835.7	1882.2	2057.9	2166.3	2383.9	2540.5	2713.7	2640.3	2069.4	2407.1	2074.9	2037.7	2257.5	2833.9	3330.3	3655.7	3747.4	4076.0	4301.6	3431.8	3747.7	4324.7	4613.3	4571.6
GDP per capita (current US$)	NY.GDP.PCAP.CD	Finland	FIN	Unit (0.0)	1179.4	1327.4	1411.7	1522.3	1707.5	1882.1	2010.2	2034.2	1907.1	2178.0	2436.3	2683.9	3139.9	4123.6	5234.6	6181.2	6659.6	6985.1	7538.2	9221.3	11090.5	10789.9	10809.6	10355.7	10676.0	11215.3	14704.7	18257.0	21668.5	23526.7	27852.3	24991.5	21850.7	17240.2	19776.7	25609.1	25037.9	23928.2	25179.6	25229.6	23529.5	24025.1	25993.8	31508.9	36162.7	37318.8	39487.1	46538.2	51186.5	44837.7	44134.0	48694.5	45649.2	47218.8
GDP per capita (current US$)	NY.GDP.PCAP.CD	France	FRA	Unit (0.0)	1343.1	1445.2	1590.2	1756.8	1922.7	2045.4	2193.1	2350.3	2537.3	2731.5	2821.8	3128.7	3807.6	4911.3	5257.7	6581.2	6760.2	7429.4	9129.9	11003.8	12500.3	10903.8	10294.3	9801.3	9235.0	9564.2	13271.2	15968.2	17319.9	17328.3	21300.8	21268.2	23330.3	21944.0	23059.2	26403.1	26321.7	23705.8	24405.9	24075.0	21774.9	21812.2	23494.4	28794.1	32784.8	33819.0	35457.1	40341.9	43991.7	40487.9	39448.1	42578.2	39758.7	41420.8
GDP per capita (current US$)	NY.GDP.PCAP.CD	French Polynesia	PYF	Unit (0.0)						1889.3	2229.5	2209.2	2510.9	2273.5	2299.1	2594.8	2754.9	3524.6	4390.6	5285.0	5434.7	5711.9	7030.4	8248.7	8979.1	8192.4	7996.3	8066.5	8092.8	8602.5	12781.3	13750.1	14163.8	13572.6	16036.7	16173.5	17334.4	17732.7	16647.2	18505.5	18034.8	15943.3	16530.2	16299.3	14530.2													
GDP per capita (current US$)	NY.GDP.PCAP.CD	Gabon	GAB	Unit (0.0)	283.6	332.8	358.9	299.5	412.2	425.8	453.7	491.0	521.1	551.1	549.6	635.4	703.5	1159.5	2430.6	3328.7	4545.7	4150.8	3450.3	4273.4	5891.1	5186.9	4737.9	4328.2	4427.9	4043.4	4010.6	3762.8	4277.5	4544.0	6287.4	5555.5	5599.0	4269.5	3980.7	4589.5	5135.8	4683.3	3843.4	3899.1	4135.3	3754.4	3836.8	4601.6	5328.5	6282.0	6756.3	7994.3	10577.9	7919.7	9362.1	11791.6	10929.9	11571.1
GDP per capita (current US$)	NY.GDP.PCAP.CD	Gambia, The	GMB	Unit (0.0)							108.3	112.2	96.7	103.6	116.9	121.1	124.7	153.5	189.5	221.0	209.2	250.2	302.6	353.9	398.9	349.8	333.3	317.1	252.9	308.3	242.2	274.4	316.3	322.4	345.9	727.0	729.1	748.9	720.2	737.5	774.0	713.1	724.8	682.8	637.1	542.7	442.5	361.2	415.8	434.5	441.9	522.3	612.0	553.1	566.3	517.8	510.3	494.4
GDP per capita (current US$)	NY.GDP.PCAP.CD	Georgia	GEO	Unit (0.0)																															1611.4	1310.5	757.4	550.0	517.1	569.0	670.5	774.7	805.3	628.9	692.0	734.0	779.4	922.0	1186.9	1470.0	1764.9	2318.0	2919.7	2441.0	2613.8	3219.6	3528.7	3602.2
GDP per capita (current US$)	NY.GDP.PCAP.CD	Germany	DEU	Unit (0.0)											2672.0	3089.1	3687.0	4883.8	5457.0	6035.0	6420.6	7434.9	9175.9	10916.8	11746.4	9879.5	9593.7	9545.9	9012.5	9125.1	13027.2	16139.1	17352.3	17190.8	21583.8	22603.6	25604.7	24735.6	26375.8	30887.9	29750.0	26296.5	26547.8	25956.6	22945.7	22840.3	24325.7	29367.4	33040.1	33542.8	35237.6	40403.0	44132.1	40270.1	40408.0	44354.7	42597.7	45084.9
GDP per capita (current US$)	NY.GDP.PCAP.CD	Ghana	GHA	Unit (0.0)	183.1	189.7	195.1	211.0	230.5	266.4	269.5	216.9	202.8	233.6	257.7	273.9	232.6	263.7	301.4	285.8	275.9	313.0	353.7	381.0	411.5	379.8	351.3	341.1	358.4	354.2	437.1	376.4	375.2	369.0	402.6	438.9	414.7	375.2	333.3	385.7	403.8	392.3	416.4	419.8	264.7	275.5	311.6	376.0	426.3	501.9	929.9	1099.1	1234.4	1096.5	1326.1	1594.0	1645.5	1850.2
GDP per capita (current US$)	NY.GDP.PCAP.CD	Greece	GRC	Unit (0.0)	533.7	597.3	630.6	701.6	785.0	888.9	981.7	1052.1	1134.4	1284.2	1425.0	1575.6	1811.5	2386.6	2697.4	3006.8	3233.1	3705.9	4476.6	5441.0	5620.0	5130.4	5320.2	4786.8	4627.2	4590.2	5393.8	6260.0	7245.2	7482.3	9190.3	9775.5	10687.5	9914.1	10536.0	12273.6	12888.8	12495.1	12485.1	12238.6	11396.2	11855.8	13296.9	17502.7	20618.3	21642.3	23518.5	27361.1	30536.4	28695.2	26379.5	26061.4	22395.1	21910.2
GDP per capita (current US$)	NY.GDP.PCAP.CD	Greenland	GRL	Unit (0.0)											1498.3	1876.5	2196.7	2860.3	3432.7	4257.9	4844.7	5714.0	7235.5	8480.8	9483.1	8544.1	7813.7	7988.2	7198.7	7760.8	11271.3	14554.4	16398.0	16813.7	18326.9	18315.3	18768.8	16797.4	18124.1	21665.8	21422.5	19145.6	20496.6	20170.3	19004.0	19275.4	20652.8	25129.1	28903.9	29903.3	30620.2	37516.8	30883.0	22507.9				
GDP per capita (current US$)	NY.GDP.PCAP.CD	Grenada	GRD	Unit (0.0)																		591.2	758.4	884.2	939.5	970.3	1023.0	1054.5	1118.4	1283.3	1438.0	1682.7	1881.8	2199.5	2296.0	2504.5	2581.4	2545.8	2633.5	2756.0	2923.2	3015.5	3364.3	3742.4	5149.1	5137.8	5331.9	5825.4	5845.0	6803.5	6825.1	7326.2	7946.8	7397.0	7366.6	7409.2	7598.2	7876.3
GDP per capita (current US$)	NY.GDP.PCAP.CD	Guam	GUM	Unit (0.0)																																																						
GDP per capita (current US$)	NY.GDP.PCAP.CD	Guatemala	GTM	Unit (0.0)	252.0	253.1	261.7	281.4	281.8	281.1	285.9	290.9	313.8	325.4	351.6	356.7	367.4	437.2	523.8	588.6	687.2	841.9	910.3	1010.3	1125.4	1199.4	1184.7	1199.7	1224.9	1227.5	891.9	853.6	923.5	968.1	860.5	1033.8	1121.1	1195.9	1330.7	1468.1	1545.0	1702.3	1814.0	1674.0	1721.7	1629.3	1765.9	1816.9	1937.7	2146.2	2326.3	2561.4	2867.5	2697.4	2882.4	3240.4	3340.8	3477.9
GDP per capita (current US$)	NY.GDP.PCAP.CD	Guinea	GIN	Unit (0.0)																											368.9	380.7	430.7	422.9	443.0	474.7	487.7	459.5	450.3	471.3	478.0	456.1	424.3	402.4	342.5	318.5	326.1	374.4	390.9	306.7	287.9	411.5	437.8	435.2	435.4	454.0	493.5	527.3
GDP per capita (current US$)	NY.GDP.PCAP.CD	Guinea-Bissau	GNB	Unit (0.0)											115.3	112.4	122.0	120.6	129.7	140.1	142.4	144.3	152.9	146.6	135.2	185.9	194.9	188.3	155.7	158.0	139.9	182.6	169.0	214.3	239.8	247.1	212.6	217.5	211.5	222.8	232.0	225.4	169.5	180.2	284.2	295.2	305.6	342.1	375.8	403.0	398.2	465.3	555.7	536.8	526.5	595.8	494.3	503.8
GDP per capita (current US$)	NY.GDP.PCAP.CD	Guyana	GUY	Unit (0.0)	303.8	322.7	329.5	289.3	312.2	332.9	347.6	370.2	331.5	351.9	371.5	386.4	387.8	414.9	583.3	660.7	601.7	590.0	658.9	684.6	776.4	735.3	624.7	639.2	576.9	603.3	677.3	480.0	564.5	521.4	547.0	465.5	509.4	610.9	745.2	853.7	965.2	1020.5	972.9	937.5	957.3	931.3	962.5	984.5	1038.3	1084.2	1905.6	2259.0	2478.4	2593.4	2874.0	3257.9	3584.7	3846.5
GDP per capita (current US$)	NY.GDP.PCAP.CD	Haiti	HTI	Unit (0.0)																																479.2	285.3	239.4	276.3	343.9	372.0	398.5	453.5	484.8	427.2	402.3	362.8	314.2	400.9	448.6	519.7	618.6	679.4	674.3	669.2	749.2	775.5	819.9
GDP per capita (current US$)	NY.GDP.PCAP.CD	Honduras	HND	Unit (0.0)	167.6	172.2	181.3	185.5	200.2	216.2	227.2	240.6	253.4	255.0	268.6	264.2	282.2	311.6	343.0	361.7	420.6	504.8	565.3	639.0	705.7	751.7	750.6	771.5	807.3	858.9	872.2	923.2	857.2	747.5	621.8	608.6	660.0	654.5	629.0	699.4	704.8	796.8	869.9	879.7	1139.5	1188.8	1197.2	1228.1	1297.2	1402.0	1540.6	1710.1	1883.2	1952.9	2078.3	2277.4	2339.3	2290.8
GDP per capita (current US$)	NY.GDP.PCAP.CD	Hong Kong SAR, China	HKG	Unit (0.0)	429.4	483.2	521.9	577.3	649.1	676.8	685.9	723.2	714.5	825.5	960.0	1106.5	1384.7	1893.2	2166.2	2252.1	2850.0	3429.4	3923.9	4569.5	5700.4	5991.3	6133.8	5595.2	6208.2	6542.9	7435.0	9055.1	10609.7	12097.8	13485.5	15465.9	17976.4	20395.5	22502.6	23497.5	24818.2	27330.0	25809.0	25091.7	25756.7	25230.2	24665.9	23977.0	24928.1	26649.8	28224.2	30594.0	31515.7	30697.3	32550.0	35142.5	36707.9	38123.5
GDP per capita (current US$)	NY.GDP.PCAP.CD	Hungary	HUN	Unit (0.0)									456.8	505.5	536.1	581.8	680.4	839.8	916.4	1038.8	1197.3	1331.1	1551.1	1787.8	2069.2	2121.8	2162.0	1965.2	1909.1	1936.7	2234.7	2460.1	2696.2	2782.7	3186.4	3287.9	3665.6	3801.9	4095.7	4411.0	4454.4	4522.0	4670.7	4713.5	4542.7	5175.0	6535.3	8247.0	10084.5	10936.9	11173.6	13534.7	15364.7	12634.6	12750.3	13783.8	12560.1	
GDP per capita (current US$)	NY.GDP.PCAP.CD	Iceland	ISL	Unit (0.0)	1415.0	1418.1	1562.2	1831.7	2297.9	2723.5	3215.7	3125.6	2354.5	2039.2	2538.2	3203.9	3955.4	5356.8	6936.2	6358.6	7470.9	9809.7	11070.3	12453.4	14602.2	14913.0	13508.6	11498.9	11782.4	12178.1	16163.0	22120.6	24089.7	22102.0	25008.8	26405.9	26722.4	23230.5	23662.8	26239.0	27261.2	27378.2	30256.6	31518.4	30928.7	27803.1	30979.1	37889.8	45370.1	54885.3	54814.0	65566.3	53028.8	38039.2	39506.6	44019.4	42362.1	45262.5
GDP per capita (current US$)	NY.GDP.PCAP.CD	India	IND	Unit (0.0)	83.8	87.0	91.7	103.2	117.9	121.7	91.8	98.2	101.7	109.5	114.4	120.7	125.2	146.4	166.6	161.0	164.1	189.6	209.4	227.9	271.2	275.3	279.2	296.9	282.3	302.6	317.1	347.8	361.9	353.8	375.9	310.1	324.5	308.5	354.9	383.6	410.8	427.2	425.4	455.5	457.3	466.2	486.6	565.3	649.7	740.1	830.2	1068.7	1042.1	1147.2	1417.1	1539.6	1503.0	1498.9
GDP per capita (current US$)	NY.GDP.PCAP.CD	Indonesia	IDN	Unit (0.0)								56.6	68.9	79.1	84.7	84.2	96.7	139.6	216.0	248.8	297.1	356.9	391.0	387.8	536.2	621.2	622.0	548.3	550.7	537.6	483.0	449.2	515.4	578.2	640.6	705.0	752.3	840.4	925.7	1041.3	1153.6	1078.5	470.2	679.8	789.8	756.9	909.9	1076.2	1160.6	1273.5	1601.0	1871.3	2178.3	2272.0	2946.7	3469.8	3551.4	3475.3
GDP per capita (current US$)	NY.GDP.PCAP.CD	Iran, Islamic Rep.	IRN	Unit (0.0)						246.0	261.0	281.3	311.6	340.5	370.1	449.4	541.6	831.2	1388.9	1488.6	1876.8	2138.1	2019.1	2299.9	2315.3	2400.7	2886.6	3357.2	3351.4	3590.7	4020.5	2488.5	2184.1	2075.1	2058.8			1018.7	1125.1	1502.1	1799.7	1683.6	1611.3	1613.6	1536.7	1726.6	1719.0	1975.5	2353.9	2737.1	3140.2	3983.6	4899.3	4931.3	5674.9	7006.0	6578.1	4763.3
GDP per capita (current US$)	NY.GDP.PCAP.CD	Iraq	IRQ	Unit (0.0)	231.0	245.0	254.7	250.8	288.1																																								1373.2	1824.7	2321.2	3091.0	4472.1	3701.9	4612.5	6019.4	6625.2	6669.5
GDP per capita (current US$)	NY.GDP.PCAP.CD	Ireland	IRL	Unit (0.0)	685.6	739.3	797.0	852.1	965.1	1023.8	1074.5	1152.0	1124.5	1291.3	1459.8	1673.3	2043.1	2380.7	2471.7	2920.0	2867.1	3365.5	4321.0	5332.4	6258.0	5878.6	6050.0	5809.0	5589.8	5903.8	7966.5	9409.8	10523.4	10975.1	13779.3	13834.2	15432.1	14393.8	15617.3	18814.3	20443.9	22119.8	23749.7	25723.1	25578.7	27201.2	31286.3	39717.1	45766.4	48697.6	52118.8	59008.4	58810.9	49707.7	45916.7	49387.3	45921.7	47399.9
GDP per capita (current US$)	NY.GDP.PCAP.CD	Isle of Man	IMY	Unit (0.0)																																				12672.7	14034.5	15998.6	18471.4	20658.5	20358.7	20802.4	24223.3	28669.4	34624.5	36289.9	42402.1	49817.4						
GDP per capita (current US$)	NY.GDP.PCAP.CD	Israel	ISR	Unit (0.0)	1365.7	1595.9	1132.4	1257.7	1375.9	1429.3	1513.9	1428.4	1412.5	1587.8	1806.4	1815.9	2278.8	2819.5	3721.5	3570.8	3531.3	3813.0	3690.7	4625.3	5616.5	5863.6	6095.9	6683.4	6261.8	5698.7	6908.9	8120.0	9881.2	9871.6	11264.0	11956.0	12838.4	12531.0	13830.3	17310.1	18464.5	18586.7	18392.1	18089.0	19859.3	19093.1	17195.5	17739.7	18588.8	19330.0	21405.2	24368.5	29160.2	27491.5	30389.1	33250.5	32567.1	36151.2
GDP per capita (current US$)	NY.GDP.PCAP.CD	Italy	ITA	Unit (0.0)	804.5	887.3	990.3	1126.0	1222.5	1304.5	1402.4	1533.7	1651.9	1813.4	2029.9	2221.4	2573.6	3088.2	3488.9	3957.0	3885.8	4435.5	5405.6	6735.0	8148.1	7344.5	7280.6	7546.6	7457.1	7698.9	10901.9	13715.0	15169.8	15788.3	20065.3	21154.8	22394.8	18054.5	18631.5	19910.0	22271.3	21069.5	21519.1	21227.3	19388.3	19723.0	21472.1	26425.0	30086.0	30814.1	32212.8	36400.5	39222.2	35724.4	34673.5	36988.2	33813.8	34619.2
GDP per capita (current US$)	NY.GDP.PCAP.CD	Jamaica	JAM	Unit (0.0)	429.1	452.8	463.4	484.3	517.6	552.4	615.1	636.4	594.3	645.7	751.6	812.3	974.0	974.3	1196.0	1421.0	1455.6	1578.0	1271.2	1152.5	1256.2	1377.7	1497.0	1615.2	1041.1	908.8	1179.3	1398.4	1624.7	1854.8	1921.4	1706.6	1459.1	2003.8	2007.4	2344.1	2600.6	2948.8	3419.2	3430.4	3479.1	3494.3	3716.3	3592.9	3862.1	4189.7	4486.6	4815.1	5118.7	4521.9	4917.0	5346.2	5463.8	5290.0
GDP per capita (current US$)	NY.GDP.PCAP.CD	Japan	JPN	Unit (0.0)	479.0	563.6	633.6	717.9	835.7	919.8	1058.5	1228.9	1450.6	1669.1	2003.6	2234.3	2917.7	3931.3	4281.4	4581.6	5111.3	6230.3	8675.0	8953.6	9307.8	10212.4	9428.9	10214.0	10786.8	11465.7	16882.3	20355.6	24592.8	24505.8	25123.6	28540.8	31013.6	35451.3	38814.9	42522.1	37421.7	34294.9	30967.3	34998.8	37291.7	32716.4	31235.6	33690.9	36441.5	35781.2	34102.1	34095.0	37972.1	39473.4	43117.8	46203.7	46548.3	38492.1
GDP per capita (current US$)	NY.GDP.PCAP.CD	Jordan	JOR	Unit (0.0)						531.7	548.2	494.1	412.9	486.5	424.1	430.9	482.7	558.5	685.2	753.1	910.8	1077.1	1287.7	1558.3	1792.6	1933.7	1983.5	2003.6	1946.9	1888.6	2333.1	2374.0	2129.4	1381.3	1312.3	1225.5	1422.8	1435.3	1536.0	1603.7	1601.9	1624.7	1720.8	1740.5	1763.2	1824.9	1901.6	1973.9	2156.4	2325.4	2719.8	3022.5	3797.4	4026.8	4370.7	4665.9	4909.0	5214.2
GDP per capita (current US$)	NY.GDP.PCAP.CD	Kazakhstan	KAZ	Unit (0.0)																															1647.5	1512.5	1515.1	1433.5	1320.3	1288.2	1350.3	1445.6	1468.7	1130.1	1229.0	1490.9	1658.0	2068.1	2874.3	3771.3	5291.6	6771.4	8513.6	7165.3	9070.6	11357.9	12120.3	13171.8
GDP per capita (current US$)	NY.GDP.PCAP.CD	Kenya	KEN	Unit (0.0)	97.6	94.8	100.6	104.0	108.6	105.0	118.6	121.4	128.9	134.2	142.5	152.6	174.4	199.7	228.8	241.7	248.3	309.4	351.7	398.1	446.6	405.6	366.3	327.8	326.9	312.1	355.0	377.1	381.6	365.4	365.6	336.3	327.9	222.6	268.4	329.9	427.4	453.1	474.5	423.1	406.1	404.2	398.4	439.6	462.0	523.6	612.2	721.5	785.7	771.3	793.0	816.4	932.5	994.3
GDP per capita (current US$)	NY.GDP.PCAP.CD	Kiribati	KIR	Unit (0.0)											325.9	340.7	414.1	680.9	1804.9	1138.0	831.1	765.5	871.9	801.8	512.5	524.2	517.1	500.0	473.9	342.7	321.7	363.4	455.4	425.4	400.0	660.7	677.1	653.4	745.9	754.3	875.6	878.4	838.5	867.5	815.5	748.9	842.2	1031.8	1149.4	1173.3	1138.3	1317.0	1424.0	1320.5	1539.0	1735.6	1736.2	1650.7
GDP per capita (current US$)	NY.GDP.PCAP.CD	Korea, Dem. Rep.	PRK	Unit (0.0)																																																						
GDP per capita (current US$)	NY.GDP.PCAP.CD	Korea, Rep.	KOR	Unit (0.0)	155.6	91.5	103.6	141.7	120.0	105.1	129.3	156.1	193.1	237.0	291.9	316.8	339.3	426.3	588.8	646.2	874.6	1105.6	1468.1	1857.8	1778.5	1968.9	2075.9	2268.2	2474.5	2542.0	2906.2	3627.6	4813.3	5860.4	6642.5	7675.7	8140.2	8869.0	10275.3	12403.9	13254.6	12196.8	8133.7	10432.2	11947.6	11255.9	12788.6	14219.2	15921.9	18657.5	20917.0	23101.4	20474.8	18338.7	22151.2	24155.8	24454.0	25977.0
GDP per capita (current US$)	NY.GDP.PCAP.CD	Kosovo	KSV	Unit (0.0)																																									1087.8	1490.4	1587.5	1969.6	2135.3	2194.4	2278.6	2736.5	3302.9	3190.8	3232.8	3702.1	3566.7	3815.6
GDP per capita (current US$)	NY.GDP.PCAP.CD	Kuwait	KWT	Unit (0.0)			5454.2	4980.4	4802.3	4348.8	4481.0	4166.8	4165.0	3989.8	3829.4	4800.8	5131.3	5832.2	13160.6	11450.4	11808.4	12034.8	12519.5	18982.3	20881.5	17406.7	14317.4	13240.8	13148.5	12393.4	9828.9	11650.5	10306.9	11807.3	8946.5	5505.9				17143.5	19866.3	18551.6	15065.7	16564.5	19786.7	17616.2	18620.4	22621.9	27061.9	35185.9	42011.8	44902.3	54548.6	37160.5	40090.7	51396.9	56366.6	
GDP per capita (current US$)	NY.GDP.PCAP.CD	Kyrgyz Republic	KGZ	Unit (0.0)																															608.9	576.0	513.0	449.1	372.3	364.2	394.9	376.4	345.1	258.0	279.6	308.4	321.7	380.5	433.2	476.5	543.1	721.8	966.4	871.2	880.0	1123.9	1178.0	1263.4
GDP per capita (current US$)	NY.GDP.PCAP.CD	Lao PDR	LAO	Unit (0.0)																									491.2	643.5	469.8	279.4	149.6	173.2	203.9	235.3	250.7	287.0	324.9	362.0	375.7	342.8	246.1	274.5	321.3	323.3	317.1	360.1	415.2	472.4	585.6	702.3	886.8	930.6	1122.9	1265.7	1412.5	1645.7
GDP per capita (current US$)	NY.GDP.PCAP.CD	Latvia	LVA	Unit (0.0)																												2176.2	2572.9	2883.6	2796.3	2549.0	1854.4	1743.1	2007.7	2106.9	2273.0	2521.0	2745.6	3049.0	3308.5	3556.9	4032.1	4889.3	6080.8	7165.4	8986.4	13073.4	15463.7	12082.1	11446.5	13827.4	13947.0	
GDP per capita (current US$)	NY.GDP.PCAP.CD	Lebanon	LBN	Unit (0.0)																													1241.7	1015.5	1050.1	1617.3	1965.3	2597.6	3227.0	3863.2	4457.9	5093.2	5538.6	5509.2	5334.9	5256.7	5447.8	5442.4	5437.9	5339.4	5342.5	5936.8	6887.1	8274.1	8755.8	9144.6	9764.1	9928.0
GDP per capita (current US$)	NY.GDP.PCAP.CD	Lesotho	LSO	Unit (0.0)	40.6	41.2	47.5	52.4	56.7	58.8	59.6	61.0	62.0	65.2	66.6	72.6	75.3	110.4	134.4	130.2	125.4	159.9	214.8	227.7	330.1	323.8	237.9	252.7	210.7	168.7	194.4	243.0	278.2	287.6	340.9	374.0	434.0	426.1	437.7	489.8	458.6	477.2	449.8	435.7	415.5	377.5	348.3	510.4	645.5	710.5	736.4	816.8	826.8	858.7	1083.0	1225.6	1134.9	1074.8
GDP per capita (current US$)	NY.GDP.PCAP.CD	Liberia	LBR	Unit (0.0)	170.0	160.6	163.9	167.3	178.8	183.0	190.5	198.5	205.3	221.9	227.6	234.3	245.8	251.5	307.7	354.6	356.0	390.3	404.0	444.6	451.6	431.5	424.3	390.7	392.1	387.4	381.1	442.9	478.4	367.9	182.8	168.4	110.2	79.9	65.5	64.8	72.5	125.1	140.6	161.1	182.9	171.7	174.6	130.9	146.6	165.8	178.5	209.8	231.4	302.3	326.6	376.9	413.8	454.3
GDP per capita (current US$)	NY.GDP.PCAP.CD	Libya	LBY	Unit (0.0)																															6785.5	7338.6	7599.3	6726.6	6146.9	5379.8	5764.4	6234.5	5440.3	5985.6	6548.6	5404.5	3715.6	4437.4	6062.2	7864.9	9933.1	12418.2	15853.5	10455.6	12375.4	5685.4	13302.8	12167.4
GDP per capita (current US$)	NY.GDP.PCAP.CD	Liechtenstein	LIE	Unit (0.0)											4236.8	4827.8	5639.9	7354.4	8439.8	10513.7	11388.8	12415.9	17502.4	19773.4	20669.5	19512.9	19691.4	19576.5	18609.4	19409.1	28316.6	37876.4	41359.9	39430.5	49452.4	50977.6	55271.6	55892.5	64140.2	78786.8	80033.7	72372.0	76944.8	81531.0	75057.9	74437.7	79495.5	89944.7	100286.7	105306.7	113873.9	130348.6	138536.8	134617.4				
GDP per capita (current US$)	NY.GDP.PCAP.CD	Lithuania	LTU	Unit (0.0)																															2841.3	2777.2	2314.1	2016.1	1902.8	2178.2	2339.7	2833.1	3170.8	3113.1	3267.3	3503.3	4113.8	5448.8	6677.8	7814.0	9201.6	12101.6	14774.7	11649.4	11722.0	14158.0	14172.3	
GDP per capita (current US$)	NY.GDP.PCAP.CD	Luxembourg	LUX	Unit (0.0)	2242.0	2222.4	2311.8	2441.0	2755.6	2780.1	2900.4	2909.7	3175.4	3658.9	4261.0	4397.2	5439.4	7383.0	8889.4	8626.3	9408.9	10396.0	12922.1	15073.3	16388.6	13717.9	12482.5	12267.4	12022.4	12374.4	17993.4	22250.0	25002.0	26388.7	33177.1	35439.2	39229.8	39721.4	43554.6	50592.5	49681.1	44139.8	45565.2	49214.0	46453.2	45743.4	50582.8	64532.0	74388.7	80925.2	90015.5	106919.6	112028.6	99281.7	102678.8	111913.2	103858.9	111161.7
GDP per capita (current US$)	NY.GDP.PCAP.CD	Macao SAR, China	MAC	Unit (0.0)																							3915.6	3741.9	4169.2	4125.5	4450.1	5537.6	6212.6	7113.5	8312.2	9377.8	12126.0	13713.4	14979.1	16465.1	16357.4	16199.2	14771.6	13907.6	14127.6	14870.0	15778.5	17586.4	22371.6	25189.8	30363.6	36606.8	40847.1	40860.0	53045.9	67062.5	77196.1	91376.0
GDP per capita (current US$)	NY.GDP.PCAP.CD	Macedonia, FYR	MKD	Unit (0.0)																															2225.1	2341.7	1162.3	1288.6	1717.4	2262.0	2238.8	1875.5	1773.9	1805.5	1747.9	1664.3	1827.6	2285.7	2643.8	2864.0	3133.3	3891.9	4685.6	4433.9	4442.3	4941.0	4548.2	4850.5
GDP per capita (current US$)	NY.GDP.PCAP.CD	Madagascar	MDG	Unit (0.0)	132.0	133.8	138.1	138.4	142.7	144.5	152.1	157.5	165.5	165.0	169.1	177.4	193.0	231.1	260.5	301.4	279.7	293.7	322.9	407.1	462.1	400.2	382.4	371.1	302.6	286.3	317.4	242.9	224.5	222.9	266.9	223.0	246.6	266.6	228.3	234.9	287.8	247.5	252.8	243.6	246.3	279.0	262.7	317.4	245.7	275.5	293.0	379.1	472.4	417.2	413.0	454.5	443.2	471.0
GDP per capita (current US$)	NY.GDP.PCAP.CD	Malawi	MWI	Unit (0.0)	46.2	48.4	49.6	50.4	50.2	57.7	63.9	64.6	57.2	60.4	64.1	78.3	84.4	89.4	106.9	115.7	122.3	142.2	161.9	174.8	198.4	193.3	179.9	181.7	173.6	155.7	154.4	145.2	159.4	174.6	199.1	228.2	184.4	211.3	120.0	140.2	224.7	256.0	163.6	161.3	154.0	147.7	223.5	198.1	208.9	213.2	234.2	266.0	302.5	345.2	359.6	364.1	266.6	226.5
GDP per capita (current US$)	NY.GDP.PCAP.CD	Malaysia	MYS	Unit (0.0)	299.1	287.4	292.0	301.0	312.2	333.1	344.6	347.7	353.4	380.7	392.0	403.7	468.1	694.2	839.9	803.3	932.8	1084.1	1262.8	1599.7	1802.6	1795.7	1876.2	2055.5	2254.3	2015.5	1741.1	1926.6	2050.4	2194.0	2417.4	2626.1	3080.0	3395.4	3686.0	4286.2	4743.8	4593.7	3228.6	3456.8	4004.5	3878.0	4130.7	4427.5	4918.2	5553.9	6179.7	7218.4	8460.4	7277.8	8754.2	10058.0	10432.1	10513.7
GDP per capita (current US$)	NY.GDP.PCAP.CD	Maldives	MDV	Unit (0.0)																					275.2	280.8	290.4	338.2	617.9	692.8	747.0	718.9	830.3	904.5	996.4	1101.4	1250.1	1379.8	1487.2	1628.8	1796.8	1982.6	2061.6	2203.1	2289.1	2888.3	2929.3	3302.8	3677.2	3335.2	4304.1	5002.5	6027.3	6208.6	6552.5	6515.7	6243.8	6665.8
GDP per capita (current US$)	NY.GDP.PCAP.CD	Mali	MLI	Unit (0.0)								50.1	61.8	60.3	62.9	74.1	82.6	94.1	88.5	134.2	149.2	164.1	188.0	241.2	265.4	217.6	189.5	181.1	180.1	177.4	223.3	253.7	252.5	256.5	304.0	298.0	342.7	313.8	201.2	274.4	284.0	261.6	267.4	257.6	236.1	249.0	307.2	388.8	421.2	444.3	496.7	561.5	665.1	661.1	673.7	738.6	696.2	715.1
GDP per capita (current US$)	NY.GDP.PCAP.CD	Malta	MLT	Unit (0.0)											828.4	874.1	975.7	1143.7	1245.3	1560.1	1726.6	2037.9	2558.7	3195.5	3948.3	3898.4	3787.9	3526.9	3332.8	3322.3	4194.5	5083.8	5814.4	6040.8	7192.4	7688.0	8365.0	7428.5	8149.4	9717.5	9852.3	9683.1	10091.3	10301.4	10377.0	9967.8	10849.8	12844.6	14064.2	14810.0	15766.1	18474.0	20895.8	19636.0	19695.3	21985.3	20838.9	
GDP per capita (current US$)	NY.GDP.PCAP.CD	Marshall Islands	MHL	Unit (0.0)																						972.6	1047.5	1196.4	1234.6	1144.6	1392.7	1494.3	1604.2	1589.0	1659.1	1701.8	1844.1	1987.2	2136.8	2356.5	2156.9	2056.0	2093.6	2073.5	2126.8	2206.7	2391.3	2434.8	2517.7	2642.4	2752.3	2871.3	2920.2	2895.6	3112.8	3251.7	3291.8	3324.8
GDP per capita (current US$)	NY.GDP.PCAP.CD	Mauritania	MRT	Unit (0.0)	107.9	121.9	122.2	121.6	157.6	174.1	176.5	181.7	194.4	178.9	182.2	191.9	217.6	266.2	321.3	358.2	383.4	384.1	375.8	432.0	462.2	473.8	461.8	471.7	422.9	386.6	442.1	487.7	499.5	498.4	503.7	693.6	684.0	567.4	580.4	606.3	600.1	566.3	539.2	534.9	477.7	464.1	460.3	527.1	600.1	694.3	939.2	1008.0	1107.3	860.9	977.2	1117.0	1042.8	1070.1
GDP per capita (current US$)	NY.GDP.PCAP.CD	Mauritius	MUS	Unit (0.0)																	779.9	897.7	1088.8	1278.3	1176.5	1171.6	1093.0	1094.0	1035.4	1063.6	1433.7	1828.8	2059.4	2088.9	2506.2	2669.3	2973.2	2973.8	3197.3	3599.6	3899.4	3646.6	3593.2	3651.2	3861.0	3780.8	3939.3	4587.7	5177.4	5054.3	5373.6	6182.2	7600.0	6929.0	7587.0	8749.6	8861.8	9209.6
GDP per capita (current US$)	NY.GDP.PCAP.CD	Mexico	MEX	Unit (0.0)	337.6	354.4	369.1	397.9	456.9	481.5	520.2	550.2	589.8	633.1	670.7	717.1	801.1	950.4	1201.0	1426.1	1402.3	1253.8	1529.8	1957.9	2762.6	3477.4	2366.3	1988.1	2300.3	2369.3	1630.0	1731.7	2216.3	2644.2	3052.0	3577.8	4051.0	5498.5	5637.3	3604.0	4088.5	4855.6	4986.3	5663.4	6581.5	6879.7	6948.4	6601.0	7042.0	7823.8	8622.6	9190.5	9559.8	7690.2	8920.7	9802.9	9817.8	10307.3
GDP per capita (current US$)	NY.GDP.PCAP.CD	Micronesia, Fed. Sts.	FSM	Unit (0.0)																								1320.1			1275.9	1296.3	1355.1	1436.9	1528.1	1682.2	1756.2	1908.8	1909.4	2065.0	2020.0	1906.8	2029.3	2046.8	2171.0	2239.9	2257.8	2293.6	2247.8	2352.6	2393.8	2434.8	2500.9	2668.8	2838.4	3000.2	3154.5	3235.2
GDP per capita (current US$)	NY.GDP.PCAP.CD	Moldova	MDA	Unit (0.0)																															972.1	835.0	625.3	640.2	460.8	477.0	462.2	528.2	448.8	321.0	354.0	407.7	458.7	548.3	720.9	831.2	950.7	1230.8	1696.0	1525.5	1631.5	1970.8	2046.5	2229.6
GDP per capita (current US$)	NY.GDP.PCAP.CD	Monaco	MCO	Unit (0.0)											12479.7	13812.1	16732.9	21422.0	22707.5	28249.8	28813.1	31432.9	38355.3	45845.1	51526.6	44364.7	41377.9	38883.6	36379.1	37552.1	52162.3	63049.7	68427.2	68574.2	84289.6	83727.0	91651.0	85421.7	89415.8	101963.2	101315.7	90909.1	93111.0	91398.3	82537.4	82537.3	88995.6	108862.8	123263.6	126599.4	135688.8	170633.0	193892.3	153042.3	145229.8	163025.9		
GDP per capita (current US$)	NY.GDP.PCAP.CD	Mongolia	MNG	Unit (0.0)																						1332.6	1435.8	1495.0	1121.7	1137.7	1465.4	1485.5	1533.4	1670.7	1172.4	1072.6	587.3	339.5	406.0	631.9	580.9	505.6	477.3	445.0	474.2	524.0	571.6	646.2	798.0	998.8	1333.9	1631.9	2135.8	1715.4	2285.6	3181.1	3691.1	4056.4
GDP per capita (current US$)	NY.GDP.PCAP.CD	Montenegro	MNE	Unit (0.0)																																									1610.4	1896.7	2097.7	2783.7	3373.0	3665.3	4370.6	5945.9	7335.9	6713.1	6636.1	7253.4	6514.1	7125.7
GDP per capita (current US$)	NY.GDP.PCAP.CD	Morocco	MAR	Unit (0.0)	164.8	159.2	182.0	197.9	203.0	208.5	198.2	204.7	214.4	233.6	247.4	266.6	304.1	366.6	441.5	505.9	527.8	594.7	695.9	816.9	943.4	747.7	736.7	650.2	580.8	573.0	740.2	799.2	927.2	935.5	1037.3	1098.0	1102.7	1021.4	1138.2	1217.8	1332.4	1197.6	1414.6	1386.2	1275.9	1285.4	1362.5	1662.7	1882.0	1948.2	2128.1	2416.3	2827.3	2861.0	2822.7	3044.1	2902.3	3108.6
GDP per capita (current US$)	NY.GDP.PCAP.CD	Mozambique	MOZ	Unit (0.0)																					290.4	284.0	284.0	249.2	255.5	334.2	391.6	176.0	156.8	172.8	185.2	197.9	137.2	136.1	140.0	140.6	196.9	225.3	249.2	254.9	235.8	216.9	217.5	234.8	278.8	313.1	328.7	362.4	434.5	414.1	387.0	510.5	570.4	593.0
GDP per capita (current US$)	NY.GDP.PCAP.CD	Myanmar	MMR	Unit (0.0)																																																						
GDP per capita (current US$)	NY.GDP.PCAP.CD	Namibia	NAM	Unit (0.0)																					2404.1	2184.0	2013.8	2133.7	1763.1	1405.8	1520.6	1852.5	1922.4	1871.8	1981.3	2054.9	2278.1	2063.8	2264.7	2383.3	2313.5	2333.8	2114.4	2056.4	2059.4	1836.5	1716.4	2489.0	3298.0	3582.3	3886.4	4246.7	4023.7	4070.0	5113.2	5614.9	5930.5	5461.5
GDP per capita (current US$)	NY.GDP.PCAP.CD	Nepal	NPL	Unit (0.0)	53.3	54.8	58.1	49.4	48.4	70.4	85.2	77.5	69.6	69.7	74.9	74.8	84.9	78.9	96.7	122.4	110.4	102.8	116.7	131.6	135.3	154.6	159.0	158.7	163.6	162.3	172.6	175.1	201.9	199.4	200.3	211.2	178.5	187.2	202.7	213.8	214.1	227.2	219.0	221.8	237.0	253.9	251.0	258.1	291.9	321.5	352.8	397.9	477.9	486.0	595.8	694.1	699.1	694.1
GDP per capita (current US$)	NY.GDP.PCAP.CD	Netherlands	NLD	Unit (0.0)	1068.8	1159.4	1240.7	1328.0	1541.9	1708.1	1835.8	1991.4	2185.2	2446.3	2711.4	3129.6	3802.0	4981.0	5845.0	6821.7	7384.4	8575.2	10424.1	11855.4	12775.5	10671.4	10256.7	9893.3	9241.9	9194.6	12768.0	15478.1	16436.8	16115.6	19721.8	20130.7	22142.4	21418.4	22830.0	27102.0	26913.5	24760.9	25634.6	26021.6	24179.7	24968.8	27110.6	33177.4	37458.4	39122.3	41458.9	47770.8	52951.1	48173.9	46773.4	49886.3	45960.5	47617.4
GDP per capita (current US$)	NY.GDP.PCAP.CD	New Caledonia	NCL	Unit (0.0)						1734.7	1740.7	1855.4	2151.1	2533.8	3322.4	3640.8	4246.3	4361.7	4941.3	6140.2	5861.2	6050.3	6042.6	7405.4	8268.9	6753.9	6260.3	5666.0	5285.1	5587.1	7800.4	9493.5	12978.1	13307.4	15055.4	15414.0	16544.2	16897.2	16240.2	18800.2	18309.5	16323.4	15408.8	14611.8	12579.6													
GDP per capita (current US$)	NY.GDP.PCAP.CD	New Zealand	NZL	Unit (0.0)	2312.9	2343.3	2448.6	2622.2	2813.5	2151.3	2191.3	2188.4	1885.2	2077.9	2301.6	2761.6	3280.0	4302.1	4584.1	4144.7	4345.0	4909.8	5889.4	6610.1	7401.4	7738.2	7568.1	7514.7	6645.3	7524.0	9339.9	12227.3	13643.2	13200.6	13536.7	12112.5	11679.6	12969.4	15146.9	17269.5	18640.0	17315.6	14584.8	15169.0	13482.7	13736.7	16720.4	21712.5	25195.2	27526.2	26335.8	31997.4	30560.4	27562.2	32846.5	37225.7	38679.7	40841.6
GDP per capita (current US$)	NY.GDP.PCAP.CD	Nicaragua	NIC	Unit (0.0)	128.0	133.4	142.7	153.0	173.4	273.5	285.6	300.0	306.9	322.2	324.4	334.9	344.3	415.4	560.7	565.3	636.6	748.6	694.0	496.4	659.7	740.1	714.1	779.9	861.0	723.4	760.4	993.3	664.4	250.4	244.0	351.4	412.9	394.7	847.7	888.6	905.8	905.3	938.8	967.1	1001.3	1028.3	995.4	1000.9	1076.0	1159.0	1228.3	1332.9	1498.1	1459.2	1535.2	1676.3	1776.6	1851.1
GDP per capita (current US$)	NY.GDP.PCAP.CD	Niger	NER	Unit (0.0)	134.7	141.7	150.8	161.7	156.3	175.5	178.0	164.0	153.7	145.8	147.3	152.9	159.2	197.3	208.1	206.8	204.1	240.8	321.6	371.8	430.0	361.9	327.1	284.3	224.1	214.8	276.1	314.8	312.4	289.8	319.9	290.9	283.5	187.8	176.6	205.2	209.2	187.4	203.3	190.5	163.6	170.7	183.7	222.9	240.2	258.3	266.6	302.3	366.6	352.7	359.8	388.3	394.8	412.5
GDP per capita (current US$)	NY.GDP.PCAP.CD	Nigeria	NGA	Unit (0.0)	92.8	96.8	104.2	107.3	112.9	116.9	124.0	99.2	97.0	120.9	223.5	159.8	208.6	251.5	401.7	437.0	555.0	534.4	525.5	659.9	871.1	806.5	661.2	444.6	348.5	344.1	240.6	272.5	256.4	260.0	321.7	279.3	291.3	153.1	171.0	263.3	314.7	314.3	273.9	299.3	377.5	350.3	457.5	510.4	645.9	804.2	1014.8	1130.9	1376.0	1090.7	2293.9	2518.6	2722.3	3010.3
GDP per capita (current US$)	NY.GDP.PCAP.CD	Northern Mariana Islands	MNP	Unit (0.0)																																																						
GDP per capita (current US$)	NY.GDP.PCAP.CD	Norway	NOR	Unit (0.0)	1441.8	1560.3	1667.2	1775.6	1937.9	2164.5	2317.2	2514.0	2662.1	2875.2	3284.4	3709.0	4378.3	5641.0	6743.8	8126.6	8836.2	10157.7	11337.5	12903.0	15594.8	15334.6	15031.3	14722.3	14757.8	15474.3	18525.6	22080.2	23769.4	23840.3	27731.8	28077.2	29931.6	27404.6	28713.5	34162.3	36554.7	35917.7	34105.9	35645.1	37472.7	37867.1	42291.8	49263.5	56627.7	65767.0	72959.7	83556.3	95189.9	78457.4	86096.1	99091.1	99635.9	100818.5
GDP per capita (current US$)	NY.GDP.PCAP.CD	Oman	OMN	Unit (0.0)	80.2	80.8	97.2	100.9	101.6	101.2	105.5	162.3	277.9	342.5	354.1	401.9	472.6	598.6	1954.9	2377.1	2760.5	2803.4	2653.3	3419.4	5181.8	5947.6	5857.1	5830.0	6165.9	6677.5	4688.5	4815.4	4988.6	5377.2	6455.5	6016.6	6335.1	6112.4	6124.9	6406.1	7021.0	7272.5	6487.6	7232.1	9061.6	8909.8	8685.4	9016.8	10013.6	12252.6	14405.1	16305.6	23421.4	18114.5	20983.9	23132.9	23623.9	22180.8
GDP per capita (current US$)	NY.GDP.PCAP.CD	Pakistan	PAK	Unit (0.0)	81.4	86.9	88.4	92.5	101.8	113.7	121.7	135.6	144.3	149.8	169.4	174.3	148.9	98.4	132.6	166.4	189.8	208.6	238.0	254.7	296.2	339.7	358.9	323.9	339.9	328.6	325.5	329.3	367.9	372.4	360.2	397.9	414.7	427.8	420.4	478.6	486.8	467.3	453.5	448.0	514.2	492.4	483.0	546.2	631.5	693.2	853.1	929.6	1018.4	987.0	1023.2	1213.0	1255.2	1299.1
GDP per capita (current US$)	NY.GDP.PCAP.CD	Palau	PLW	Unit (0.0)																															5095.6	5420.1	5187.6	4644.1	4970.4	5519.4	6114.9	6246.9	6333.4	6011.5	8337.1	8608.3	8617.2	8827.4	9656.3	10359.8	10427.0	10515.9	10547.5	9742.5	9651.1	10549.2	11201.6	11810.1
GDP per capita (current US$)	NY.GDP.PCAP.CD	Panama	PAN	Unit (0.0)	366.0	396.2	418.5	450.2	469.2	500.2	529.2	572.3	598.1	637.7	666.1	730.4	780.2	867.8	964.8	1051.9	1088.2	1124.4	1299.9	1451.4	1914.7	2116.1	2283.8	2291.4	2338.3	2419.1	2459.1	2416.8	2044.9	2007.2	2136.6	2300.9	2562.2	2741.1	2863.5	2867.6	3312.1	3509.6	3727.3	3826.8	3804.0	3788.8	3861.1	3990.7	4292.4	4594.5	4998.4	6050.3	7002.7	7169.9	7833.9	8895.2	9982.5	11036.8
GDP per capita (current US$)	NY.GDP.PCAP.CD	Papua New Guinea	PNG	Unit (0.0)	117.2	122.4	128.2	133.0	144.2	159.3	177.0	195.5	209.8	232.4	265.1	286.7	333.4	489.8	537.3	482.8	523.4	552.9	639.1	732.8	791.8	756.0	697.5	734.4	712.3	658.9	702.1	813.3	923.2	874.1	774.4	888.7	1002.0	1110.4	1197.3	983.1	1065.0	993.1	742.4	663.4	654.6	558.3	529.9	609.4	660.2	804.1	896.4	989.3	1222.8	1180.4	1382.1	1767.2	2184.2	2088.4
GDP per capita (current US$)	NY.GDP.PCAP.CD	Paraguay	PRY	Unit (0.0)						183.7	188.5	196.5	202.1	211.7	220.9	239.1	267.3	332.8	438.3	481.9	535.7	648.1	776.1	1007.7	1280.1	1585.5	1494.8	1499.7	1130.7	800.9	902.6	963.9	1013.3	1111.3	1340.1	1601.8	1600.9	1582.4	1677.6	1887.2	1992.9	1984.6	1758.9	1601.5	1531.9	1403.2	1135.3	1159.4	1386.7	1479.4	1772.6	2252.1	2967.3	2509.7	3100.8	3814.2	3680.2	4402.8
GDP per capita (current US$)	NY.GDP.PCAP.CD	Peru	PER	Unit (0.0)	252.1	276.2	304.2	323.8	380.6	438.3	504.1	496.9	447.5	487.2	548.3	594.7	641.1	746.0	914.5	1082.4	995.7	888.6	739.3	920.2	1192.3	1405.3	1363.3	1026.2	1040.1	964.8	900.1	1170.4	592.8	1236.5	1148.7	1479.0	1515.2	1435.3	1816.6	2132.0	2180.9	2272.0	2141.2	1912.7	1949.3	1945.0	2019.9	2136.4	2397.6	2674.6	3123.5	3606.7	4240.4	4188.9	5075.0	5759.4	6423.8	6659.8
GDP per capita (current US$)	NY.GDP.PCAP.CD	Philippines	PHL	Unit (0.0)	254.4	267.2	156.7	168.0	175.9	187.1	199.9	207.4	224.6	241.7	186.8	201.0	211.4	258.4	343.2	360.7	402.7	450.1	506.1	596.4	684.6	731.7	741.8	645.5	594.0	565.7	535.2	579.0	643.6	704.8	715.3	715.5	815.1	817.4	941.7	1064.8	1163.8	1131.4	970.6	1091.8	1043.5	961.7	1005.0	1015.8	1084.8	1200.9	1398.8	1680.6	1921.0	1832.0	2135.9	2357.6	2587.0	2764.6
GDP per capita (current US$)	NY.GDP.PCAP.CD	Poland	POL	Unit (0.0)																										1908.6	1972.7	1695.8	1819.6	2165.7	1693.7	2187.2	2405.8	2443.1	2812.6	3603.1	4056.6	4066.1	4472.0	4340.4	4476.8	4978.6	5183.8	5674.7	6620.1	7963.0	8958.0	11157.3	13886.5	11294.9	12303.7	13384.8	12721.0	13432.0
GDP per capita (current US$)	NY.GDP.PCAP.CD	Portugal	PRT	Unit (0.0)	360.5	382.7	407.9	432.5	468.8	520.9	575.0	646.8	719.1	795.8	921.6	1050.3	1284.9	1724.7	1973.7	2099.3	2144.3	2237.1	2424.5	2718.9	3323.4	3202.7	3038.9	2699.0	2489.1	2669.1	3810.4	4739.8	5548.7	5975.6	7779.4	8839.5	10666.4	9407.5	9844.2	11624.2	12038.5	11441.5	12092.2	12372.9	11399.5	11612.0	12695.8	15482.8	17684.1	18265.4	19177.4	21980.7	23860.7	22153.1	21653.0	22532.5	20175.3	21029.2
GDP per capita (current US$)	NY.GDP.PCAP.CD	Puerto Rico	PRI	Unit (0.0)	717.5	777.2	852.5	929.1	1006.4	1111.0	1207.5	1341.8	1497.7	1661.9	1852.3	2044.4	2246.5	2432.3	2614.6	2738.1	2946.6	3208.8	3567.8	4024.5	4502.8	4920.8	5114.9	5217.8	5730.2	6008.0	6443.4	6937.5	7535.6	8063.3	8652.5	9064.0	9659.2	10212.4	10876.5	11579.1	12173.2	12817.6	14304.3	15221.0	16192.2	18123.1	18731.6	19557.0	20698.1	21670.0	22641.8	23369.1	24623.5	25497.2	26106.4	26788.2	27795.3	
GDP per capita (current US$)	NY.GDP.PCAP.CD	Qatar	QAT	Unit (0.0)											2760.1	3250.9	3913.3	5585.8	15633.1	15288.9	18898.5	19832.8	21097.7	27439.8	34990.1	34913.6	27400.7	20913.4	19646.6	16584.5	12687.0	12866.6	13563.0	14010.4	15446.3	14189.0	15617.0	14546.0	14894.7	16238.3	17677.6	21337.1	18633.9	21660.4	29914.3	28666.6	30748.5	35644.4	44051.7	54228.8	62920.6	69167.0	84812.6	62527.6	71510.2	88861.0	92632.7	93352.0
GDP per capita (current US$)	NY.GDP.PCAP.CD	Romania	ROM	Unit (0.0)																												1658.8	1753.2	1789.6	1650.7	1254.1	1100.7	1158.1	1323.0	1563.9	1562.1	1564.5	1871.2	1583.8	1662.2	1833.8	2116.3	2756.3	3533.3	4651.7	5789.2	8170.1	9949.4	8069.0	8139.1	9063.7	8437.4	9499.2
GDP per capita (current US$)	NY.GDP.PCAP.CD	Russian Federation	RUS	Unit (0.0)																														3428.8	3485.1	3427.3	3095.1	2929.3	2663.5	2669.9	2643.9	2737.6	1834.8	1330.7	1771.6	2100.4	2373.4	2974.7	4109.4	5338.4	6947.5	9145.5	11699.7	8615.7	10709.8	13324.3	14090.6	14611.7
GDP per capita (current US$)	NY.GDP.PCAP.CD	Rwanda	RWA	Unit (0.0)	40.6	40.7	41.0	41.3	41.1	46.0	37.5	46.7	48.8	51.8	58.6	57.6	61.9	70.9	73.0	131.2	141.7	160.6	188.5	223.3	244.1	264.8	256.5	261.1	270.3	280.7	303.6	320.1	340.0	332.9	353.5	274.1	310.0	325.0	131.6	228.4	233.1	286.1	277.5	231.5	206.6	191.2	186.6	202.3	225.8	273.7	321.9	373.5	457.2	494.7	519.1	574.9	622.6	632.8
GDP per capita (current US$)	NY.GDP.PCAP.CD	Samoa	WSM	Unit (0.0)																							686.2	629.3	610.9	532.1	560.1	618.2	734.2	675.9	688.0	682.1	712.0	709.4	1167.2	1177.5	1300.1	1477.2	1388.1	1327.3	1372.7	1385.9	1453.5	1699.2	2094.6	2291.0	2502.2	2693.8	3128.7	2712.8	3080.0	3370.8	3622.6	3647.5
GDP per capita (current US$)	NY.GDP.PCAP.CD	San Marino	SMR	Unit (0.0)																																								32089.0	28696.2	29679.4	31355.4	39128.3	44976.4	46193.7	48757.9	55557.0	62188.9					
GDP per capita (current US$)	NY.GDP.PCAP.CD	Sao Tome and Principe	STP	Unit (0.0)																																									550.2	539.9	585.8	687.1	734.0	797.2	851.2	882.9	1090.4	1134.1	1128.0	1355.4	1400.0	1609.8
GDP per capita (current US$)	NY.GDP.PCAP.CD	Saudi Arabia	SAU	Unit (0.0)									781.0	805.2	864.1	1121.7	1455.4	2170.4	6428.8	6306.5	8194.3	8987.8	9181.8	12069.0	16692.4	17543.5	13685.9	10842.1	9473.1	7827.3	6248.0	5898.5	5841.8	6086.4	7205.8	7845.7	7895.5	7441.8	7381.8	7672.5	8369.1	8656.2	7559.7	8203.4	9354.5	8760.1	8639.1	9389.5	10853.6	13303.3	14855.0	16048.6	19714.4	16013.3	19326.6	24116.2	25946.0	25851.6
GDP per capita (current US$)	NY.GDP.PCAP.CD	Senegal	SEN	Unit (0.0)	249.5	256.1	255.4	256.9	264.7	261.9	262.3	254.9	260.1	240.3	243.0	243.3	285.4	318.2	348.0	456.2	450.5	449.7	489.8	594.8	629.1	555.0	528.1	457.6	433.2	460.1	631.2	736.3	705.9	674.4	760.8	724.8	751.5	689.6	457.4	560.0	566.6	509.9	535.8	534.8	474.5	482.0	513.4	642.6	732.3	772.5	808.0	947.9	1093.8	1018.0	998.6	1083.3	1023.3	1071.9
GDP per capita (current US$)	NY.GDP.PCAP.CD	Serbia	SRB	Unit (0.0)																																						2795.0	2141.2	2338.4	809.3	1518.0	2013.7	2613.5	3168.9	3391.4	3942.6	5276.9	6497.8	5498.0	5073.1	6047.7	5293.8	5935.3
GDP per capita (current US$)	NY.GDP.PCAP.CD	Seychelles	SYC	Unit (0.0)	288.1	270.3	287.0	308.2	332.3	328.5	337.6	333.2	314.4	314.2	343.9	400.6	546.6	644.1	737.8	802.1	811.8	1045.1	1364.3	2001.1	2288.2	2378.4	2248.6	2210.6	2261.7	2506.0	3062.0	3646.8	4122.5	4393.2	5265.5	5290.7	6051.9	6453.8	6529.4	6749.1	6535.4	7280.9	7715.8	7747.5	7578.8	7616.0	8340.3	8491.5	10173.6	11086.9	12014.4	12155.7	11123.0	9707.3	10842.8	12117.8	11689.3	14219.8
GDP per capita (current US$)	NY.GDP.PCAP.CD	Sierra Leone	SLE	Unit (0.0)	149.1	149.8	154.4	154.8	162.7	154.8	159.2	145.5	135.2	164.5	171.6	162.4	176.4	213.4	235.3	240.8	206.0	233.9	317.1	357.4	346.1	342.4	388.9	292.0	311.4	239.1	132.9	184.5	269.9	233.7	160.7	192.4	168.7	192.6	230.8	221.7	240.3	216.4	169.7	166.1	153.6	251.3	275.8	291.0	290.4	317.9	357.4	398.6	452.9	435.0	448.2	499.9	633.5	809.1
GDP per capita (current US$)	NY.GDP.PCAP.CD	Singapore	SGP	Unit (0.0)	427.9	449.0	471.9	511.0	485.3	516.3	566.5	625.7	708.3	812.3	925.3	1074.5	1370.7	1927.8	2359.3	2558.7	2647.5	2882.5	3425.6	4077.9	5003.9	5670.8	5997.9	6714.4	7155.4	6781.8	6864.2	7786.6	9316.4	10711.0	12766.2	14504.5	16144.3	18302.4	21578.1	24937.3	26262.3	26386.6	21824.1	21796.4	23793.0	21576.9	22016.7	23574.0	27404.6	29869.6	33578.9	39223.5	39722.1	38577.0	46569.7	52870.5	54007.3	55182.5
GDP per capita (current US$)	NY.GDP.PCAP.CD	Sint Maarten (Dutch part)	SXM	Unit (0.0)																																																						
GDP per capita (current US$)	NY.GDP.PCAP.CD	Slovak Republic	SVK	Unit (0.0)																							1208.0	1204.0	1121.6	1128.9	1516.1	1815.1	1918.6	1851.7	2211.0	2473.8	2690.2	3031.9	3685.8	4709.7	5077.7	5022.8	5431.4	5550.0	5330.4	5636.6	6442.0	8530.5	10437.5	11414.6	12842.2	15649.2	18201.3	16196.3	16151.1	17760.4	16892.6	
GDP per capita (current US$)	NY.GDP.PCAP.CD	Slovenia	SVN	Unit (0.0)																															8698.9	6338.6	6272.3	6362.8	7230.9	10523.7	10635.4	10282.3	10974.5	11250.2	10045.4	10290.3	11599.9	14607.2	16944.2	17854.6	19405.9	23441.0	27015.1	24051.0	22897.9	24478.3	22058.8	
GDP per capita (current US$)	NY.GDP.PCAP.CD	Solomon Islands	SLB	Unit (0.0)								173.4	187.3	184.7		301.2	235.3	308.2	453.7	385.7	414.2	447.9	515.5	678.6	731.6	785.4	764.5	707.8	962.3	857.8	755.8	831.8	1053.3	1095.7	970.1	998.7	1147.9	1210.4	1330.7	1445.7	1529.8	1495.1	1206.6	1201.6	1055.2	945.5	785.6	745.5	819.3	882.0	950.1	1048.9	1208.0	1160.8	1294.7	1614.5	1819.5	1953.6
GDP per capita (current US$)	NY.GDP.PCAP.CD	Somalia	SOM	Unit (0.0)	65.5	68.1	70.8	73.6	76.5	79.4	81.9	84.2	86.6	88.7	91.8	95.2	119.5	143.8	128.3	183.2	189.5	104.9	106.8	102.5	99.1	111.8	123.5	118.4	129.0	144.4	152.9	164.5	167.0	173.8	145.1																							
GDP per capita (current US$)	NY.GDP.PCAP.CD	South Africa	ZAF	Unit (0.0)	423.3	431.4	448.0	484.5	519.4	554.8	591.8	646.3	684.3	754.9	810.8	874.4	897.4	1202.5	1477.0	1494.2	1404.0	1526.8	1719.9	2076.3	2920.8	3073.1	2764.3	2893.7	2792.0	2142.2	2475.0	3158.6	3398.6	3621.5	3182.2	3345.8	3557.1	3479.9	3546.7	3862.8	3593.3	3636.2	3205.2	3102.8	3019.9	2638.2	2425.3	3624.7	4659.6	5185.8	5407.3	5851.0	5511.2	5658.4	7175.6	7830.5	7314.0	6617.9
GDP per capita (current US$)	NY.GDP.PCAP.CD	South Sudan	SSD	Unit (0.0)																																																	1796.7	1396.9	1643.6	2001.9	974.4	1221.4
GDP per capita (current US$)	NY.GDP.PCAP.CD	Spain	ESP	Unit (0.0)	396.4	450.1	520.2	609.5	675.2	774.8	889.7	968.3	950.5	1077.7	1176.0	1322.6	1662.5	2191.0	2684.2	3133.6	3198.7	3532.7	4225.1	5595.9	6031.0	5212.8	5010.9	4350.0	4361.4	4564.9	6326.5	8004.0	9425.0	10371.8	13397.3	14378.4	15665.7	12997.2	13097.7	15137.1	15757.1	14463.1	15121.7	15468.0	14413.8	14939.1	16564.6	20950.2	24337.5	25904.2	27847.5	31871.1	34674.2	31368.5	29732.4	31117.9	28281.6	29117.6
GDP per capita (current US$)	NY.GDP.PCAP.CD	Sri Lanka	LKA	Unit (0.0)	143.5	143.0	139.7	117.3	121.2	152.1	153.1	158.9	150.2	160.4	183.5	186.7	198.6	219.7	269.1	280.9	261.8	294.4	192.6	232.5	272.9	297.4	313.8	335.2	387.3	377.4	397.2	408.1	420.4	415.3	472.1	521.2	556.8	585.9	654.9	718.4	757.9	812.8	840.9	821.6	854.9	837.7	903.9	984.8	1063.2	1242.4	1423.5	1614.4	2013.9	2057.1	2400.0	2835.7	2921.7	3279.9
GDP per capita (current US$)	NY.GDP.PCAP.CD	St. Kitts and Nevis	KNA	Unit (0.0)	241.6	243.8	246.1	254.0	268.7	276.2	299.2	353.3	314.7	348.1	363.2	441.1	517.6	546.0	711.0	753.5	681.8	680.1	783.9	918.0	1111.0	1315.9	1401.4	1402.6	1656.0	1856.4	2257.9	2616.1	3086.0	3506.6	3898.8	4013.1	4395.9	4740.9	5234.3	5380.1	5659.1	6268.4	6472.6	6787.3	9146.5	9865.1	10186.0	9680.9	10275.5	10916.2	12635.0	13551.9	14377.1	13703.4	13222.5	13746.2	13658.0	13710.1
GDP per capita (current US$)	NY.GDP.PCAP.CD	St. Lucia	LCA	Unit (0.0)																				889.5	1130.8	1273.0	1185.2	1258.8	1583.5	1496.4	1755.4	1849.8	2051.8	2291.3	2874.5	3078.4	3367.7	3426.6	3563.0	3814.0	3802.1	4002.9	4295.7	4465.7	4870.7	4464.5	4512.8	4830.1	5250.6	5492.9	6072.3	6732.7	6854.9	6735.2	7058.9	7228.9	7287.8	7308.9
GDP per capita (current US$)	NY.GDP.PCAP.CD	St. Martin (French part)	MAF	Unit (0.0)																																																						
GDP per capita (current US$)	NY.GDP.PCAP.CD	St. Vincent and the Grenadines	VCT	Unit (0.0)	161.4	170.4	174.6	162.9	173.5	175.7	185.4	180.5	173.2	186.0	204.0	219.3	298.3	322.6	348.1	347.6	339.3	374.2	472.5	547.4	600.0	737.8	836.1	913.2	997.7	1080.4	1216.5	1344.1	1544.8	1655.7	1843.6	1971.0	2159.1	2208.9	2249.7	2464.6	2604.8	2713.6	2945.2	3076.3	3683.6	3991.3	4277.8	4452.1	4813.3	5070.7	5610.6	6273.3	6372.0	6176.9	6234.1	6191.1	6349.3	6633.8
GDP per capita (current US$)	NY.GDP.PCAP.CD	Sudan	SDN	Unit (0.0)	107.4	113.6	120.2	119.0	118.9	120.5	120.2	126.5	128.2	137.1	151.3	160.0	168.4	202.4	252.4	297.8	359.5	433.8	454.8	455.4	398.4	482.1	451.9	399.7	459.2	552.7	688.7	866.7	635.1	610.1	481.5	428.8	257.0	314.7	439.7	461.6	292.6	368.7	345.6	319.4	356.5	372.8	407.0	471.5	557.2	669.4	862.3	1083.5	1253.1	1190.8	1439.5	1617.5	1694.6	1752.9
GDP per capita (current US$)	NY.GDP.PCAP.CD	Suriname	SUR	Unit (0.0)	323.5	329.7	337.6	349.3	373.7	417.2	500.7	564.6	611.8	634.8	663.8	724.1	771.8	825.6	1005.2	1276.1	1391.5	1765.3	2022.3	2147.4	2174.1	2424.9	2487.5	2390.3	2321.3	2322.6	2339.3	2532.9	2950.3	1355.4	954.6	1085.8	966.3	1010.5	1408.2	1592.5	1948.3	2076.1	2081.9	1924.0	1911.8	1613.0	2246.2	2611.0	3007.9	3590.5	5198.3	5753.2	6855.2	7450.2	8320.7	8236.2	9376.5	9699.9
GDP per capita (current US$)	NY.GDP.PCAP.CD	Swaziland	SWZ	Unit (0.0)	100.4	120.3	125.6	144.7	169.9	179.4	191.5	181.7	189.0	243.1	251.5	297.5	310.7	456.0	527.0	557.5	511.1	552.7	600.2	704.0	898.3	919.8	840.8	843.3	726.9	511.7	611.3	761.2	863.6	835.9	1292.1	1303.1	1415.0	1465.3	1503.1	1763.5	1628.0	1705.2	1532.9	1476.8	1433.2	1255.5	1131.3	1704.2	2211.1	2339.3	2636.2	2690.6	2616.9	2679.3	3261.6	3420.2	3289.7	3034.2
GDP per capita (current US$)	NY.GDP.PCAP.CD	Sweden	SWE	Unit (0.0)	1983.1	2147.2	2315.8	2492.5	2758.9	3007.6	3240.6	3490.6	3683.3	3972.0	4493.4	4869.6	5718.2	6927.0	7675.2	9598.7	10311.2	10861.8	11973.6	14114.6	16221.4	14787.5	13034.7	11962.0	12427.6	12966.3	17059.4	20675.5	23277.1	24346.8	29025.5	30191.6	31119.7	23173.3	24775.4	28739.3	31269.8	28620.4	28779.1	29218.5	27869.4	25557.6	28119.0	35131.2	40261.1	41040.7	43948.6	50558.4	52730.8	43639.6	49376.8	56724.4	55039.4	58163.7
GDP per capita (current US$)	NY.GDP.PCAP.CD	Switzerland	CHE	Unit (0.0)	1787.4	1971.3	2131.4	2294.2	2501.3	2620.5	2784.7	2960.7	3121.9	3344.8	3713.6	4439.2	5403.4	7213.3	8268.1	9483.2	9976.1	10691.1	14950.2	16771.3	17807.3	16219.9	16527.5	16398.2	15601.3	15748.9	22458.9	27950.3	30016.1	28747.4	36337.1	36309.5	37383.1	36027.3	39566.6	46014.2	44123.0	38408.0	39227.0	38290.7	35639.5	36328.1	39350.4	45588.6	50641.8	51734.4	54140.4	59664.0	68555.4	65790.0	70174.0	83270.2	78928.9	80527.5
GDP per capita (current US$)	NY.GDP.PCAP.CD	Syrian Arab Republic	SYR	Unit (0.0)	186.8	199.3	226.8	237.3	256.4	272.7	240.6	274.0	294.1	364.0	335.5	392.4	448.1	458.4	705.7	902.6	975.8	951.5	1109.0	1147.7	1458.5	1672.7	1695.4	1765.8	1697.1	1537.7	1206.2	998.4	901.7	815.1	988.5	1012.8	1005.0	1009.8	725.8	794.8	935.1	956.3	975.0	992.4	1180.5	1263.4	1269.9	1261.9	1419.3	1588.5	1772.6	2065.5						
GDP per capita (current US$)	NY.GDP.PCAP.CD	Tajikistan	TJK	Unit (0.0)																															496.4	468.0	345.7	293.2	236.0	212.9	178.1	155.3	219.5	178.3	139.1	171.8	190.7	238.0	311.6	339.8	407.0	523.1	709.4	668.6	739.7	834.7	953.1	1036.6
GDP per capita (current US$)	NY.GDP.PCAP.CD	Tanzania	TZA	Unit (0.0)																													219.2	184.2	171.9	193.6	173.8	155.6	159.7	180.6	217.2	250.3	297.0	300.8	308.1	306.3	310.6	326.5	349.6	375.0	369.4	421.3	503.6	504.2	524.7	530.4	608.8	694.8
GDP per capita (current US$)	NY.GDP.PCAP.CD	Thailand	THA	Unit (0.0)	100.9	107.6	113.9	118.2	126.0	137.9	161.0	166.9	174.8	186.9	192.2	194.3	209.4	269.9	332.1	351.6	391.5	445.4	528.6	589.9	683.0	721.2	743.0	798.2	818.1	747.6	813.1	936.0	1122.1	1294.0	1508.3	1717.9	1932.9	2152.8	2467.2	2848.5	3054.8	2506.2	1836.7	1990.0	1968.5	1831.9	1988.7	2211.9	2478.8	2690.0	3143.2	3737.7	4118.4	3978.9	4802.7	5192.1	5479.8	5779.0
GDP per capita (current US$)	NY.GDP.PCAP.CD	Timor-Leste	TMP	Unit (0.0)																																									410.2	493.1	474.4	467.7	471.1	487.4	463.0	550.2	672.2	788.0	876.1	1007.1	1179.3	1370.7
GDP per capita (current US$)	NY.GDP.PCAP.CD	Togo	TGO	Unit (0.0)	76.6	79.1	82.0	87.8	99.9	109.6	121.8	124.9	124.3	131.6	120.1	131.1	149.4	176.5	237.8	256.1	251.3	308.7	319.9	337.4	417.7	342.2	281.9	253.0	228.7	234.4	315.4	359.7	385.2	367.2	429.9	412.1	424.8	302.1	235.0	305.6	333.6	332.8	343.5	332.4	266.0	266.9	287.8	318.3	358.9	381.8	387.4	432.5	528.3	514.8	503.2	580.3	589.5	636.4
GDP per capita (current US$)	NY.GDP.PCAP.CD	Tonga	TON	Unit (0.0)																367.9	336.5	378.1	455.0	483.9	572.6	666.0	662.5	649.0	684.7	639.2	724.3	865.1	1126.4	1120.0	1193.3	1386.9	1436.1	1449.2	2024.6	2111.4	2282.1	2196.8	1945.4	1997.5	1925.5	1695.8	1834.8	2087.4	2400.3	2622.9	2912.9	2943.3	3369.2	3075.8	3546.8	4046.1	4493.7	4426.9
GDP per capita (current US$)	NY.GDP.PCAP.CD	Trinidad and Tobago	TTO	Unit (0.0)	631.3	676.0	703.8	759.9	788.1	807.3	786.8	822.9	814.7	830.8	868.8	937.7	1118.3	1332.0	2048.0	2414.9	2437.9	3018.7	3379.5	4304.5	5745.7	6212.0	7129.9	6849.9	6711.2	6299.2	4049.1	4014.0	3732.1	3562.1	4147.7	4360.4	4470.4	3684.2	3956.8	4246.4	4577.0	4551.3	4786.9	5383.5	6430.9	6935.9	7050.3	8751.6	9985.2	12405.1	14162.8	16663.9	21395.3	14617.8	15630.1	17760.6	17523.3	18372.9
GDP per capita (current US$)	NY.GDP.PCAP.CD	Tunisia	TUN	Unit (0.0)						214.0	220.0	224.6	246.2	256.4	280.7	323.6	422.6	506.8	645.4	771.5	785.1	867.6	986.6	1156.6	1369.5	1285.8	1208.7	1209.3	1172.1	1158.4	1203.6	1261.8	1284.9	1269.3	1507.2	1571.8	1825.4	1687.5	1773.3	2012.9	2155.0	2251.4	2336.1	2426.4	2245.3	2281.1	2365.8	2790.0	3139.5	3219.0	3394.4	3806.3	4342.8	4162.5	4176.1	4305.0	4197.5	4329.1
GDP per capita (current US$)	NY.GDP.PCAP.CD	Turkey	TUR	Unit (0.0)	507.9	284.0	308.5	349.8	368.8	385.3	445.1	482.8	527.2	573.1	491.4	456.5	560.1	688.4	930.2	1139.0	1278.8	1430.4	1552.9	2083.2	1566.7	1580.9	1403.2	1310.3	1246.2	1367.2	1508.9	1703.6	1743.0	2019.1	2790.6	2750.6	2850.4	3181.3	2268.4	2896.1	3053.0	3144.4	4392.4	4012.5	4219.5	3057.8	3576.2	4595.3	5866.7	7129.6	7736.1	9312.1	10379.5	8626.4	10135.7	10604.6	10660.7	10945.9
GDP per capita (current US$)	NY.GDP.PCAP.CD	Turkmenistan	TKM	Unit (0.0)																												698.1	859.0	854.2	881.2	847.5	824.5	796.4	625.3	592.7	557.5	565.1	592.8	550.8	645.3	776.6	970.0	1286.0	1455.9	1707.0	2140.5	2606.7	3918.9	4060.0	4392.7	5724.5	6797.7	7986.7
GDP per capita (current US$)	NY.GDP.PCAP.CD	Turks and Caicos Islands	TCA	Unit (0.0)																																																						
GDP per capita (current US$)	NY.GDP.PCAP.CD	Tuvalu	TUV	Unit (0.0)																															980.1	1034.2	1070.3	1052.8	1184.9	1194.9	1331.5	1366.0	1366.8	1460.1	1458.9	1393.3	1621.3	1901.0	2232.6	2252.9	2353.4	2768.4	3094.7	2763.2	3238.5	3993.7	4044.2	3861.4
GDP per capita (current US$)	NY.GDP.PCAP.CD	Uganda	UGA	Unit (0.0)	62.3	63.0	62.0	69.0	76.1	110.4	111.6	112.7	116.9	127.5	133.3	145.8	149.3	165.9	199.3	217.9	219.7	256.0	204.8	175.6	99.2	103.4	163.4	163.1	255.0	240.1	258.4	398.4	398.8	311.8	245.5	183.0	152.1	165.7	198.7	277.5	282.4	283.9	289.1	255.2	255.1	232.8	238.2	236.1	286.0	313.8	334.6	400.0	448.1	451.1	471.7	440.8	551.2	571.7
GDP per capita (current US$)	NY.GDP.PCAP.CD	Ukraine	UKR	Unit (0.0)																												1249.4	1450.0	1597.5	1569.7	1489.7	1417.9	1258.1	1012.1	936.0	872.7	991.2	835.3	635.8	635.7	780.7	879.5	1048.5	1367.4	1828.7	2303.0	3068.6	3891.0	2545.5	2974.0	3575.5	3873.5	3900.5
GDP per capita (current US$)	NY.GDP.PCAP.CD	United Arab Emirates	ARE	Unit (0.0)																27631.9	30817.3	34371.5	28742.9	33716.7	42961.8	45232.6	40339.3	35218.1	32731.5	30138.9	23788.1	24019.6	22543.1	24289.9	28066.1	27018.9	26944.8	26224.1	26568.5	28020.1	29776.2	30218.2	27483.0	29183.1	34476.3	32984.7	34062.4	36906.2	40404.0	43533.9	45554.2	44488.6	46402.6	33012.8	34048.5	39057.8	41691.7	
GDP per capita (current US$)	NY.GDP.PCAP.CD	United Kingdom	GBR	Unit (0.0)	1380.3	1452.5	1513.7	1592.6	1729.4	1851.0	1959.6	2023.6	1896.4	2032.3	2242.0	2525.6	2892.0	3257.3	3516.4	4204.9	4041.0	4565.5	5785.5	7511.1	9623.0	9142.5	8718.3	8266.5	7777.6	8209.8	10063.8	12333.1	14951.1	15057.2	17805.2	18571.4	19211.9	17270.1	18664.4	20350.0	21349.4	23734.4	25266.4	25871.0	25361.9	25121.0	27301.5	31437.0	37021.1	38432.3	40807.6	46591.1	43486.9	35454.9	36572.5	38927.1	38648.9	39350.6
GDP per capita (current US$)	NY.GDP.PCAP.CD	United States	USA	Unit (0.0)	2881.1	2934.6	3107.9	3232.2	3423.4	3664.8	3972.1	4152.0	4491.4	4802.6	5247.0	5623.6	6109.7	6741.1	7242.3	7820.0	8611.5	9471.5	10587.4	11695.4	12597.6	13992.9	14439.0	15561.3	17134.3	18269.3	19114.8	20100.8	21483.1	22922.5	23954.5	24405.0	25493.0	26464.8	27776.4	28781.9	30068.2	31572.6	32949.0	34639.1	36467.3	37285.8	38175.4	39682.5	41928.9	44313.6	46443.8	48070.4	48407.1	46998.8	48357.7	49854.5	51755.2	53142.9
GDP per capita (current US$)	NY.GDP.PCAP.CD	Uruguay	URY	Unit (0.0)	490.0	602.5	656.4	584.0	740.7	701.1	664.2	581.1	574.3	717.1	760.6	996.1	776.0	1404.6	1448.2	1250.1	1290.5	1440.1	1707.3	2479.7	3485.6	3764.4	3107.0	1716.0	1620.7	1571.1	1940.0	2415.6	2676.2	2732.0	2990.0	3578.0	4082.3	4720.8	5458.7	5984.9	6317.1	7329.0	7712.2	7248.3	6872.7	6282.0	4089.1	3622.3	4117.6	5221.7	5879.3	7012.5	9067.5	9064.7	11530.6	13961.0	14727.7	16350.7
GDP per capita (current US$)	NY.GDP.PCAP.CD	Uzbekistan	UZB	Unit (0.0)																															651.4	658.7	603.9	597.0	576.4	585.9	600.6	623.0	623.2	702.5	558.2	456.7	383.3	396.1	465.1	546.8	643.0	830.4	1023.1	1181.8	1377.1	1544.8	1719.0	1878.1
GDP per capita (current US$)	NY.GDP.PCAP.CD	Vanuatu	VUT	Unit (0.0)																				1059.3	980.9	832.8	808.2	886.3	1066.6	951.3	892.1	961.1	1065.8	1011.4	1080.2	1252.6	1263.5	1176.9	1335.3	1390.3	1427.1	1462.2	1473.0	1477.8	1469.9	1362.6	1354.0	1580.6	1788.0	1886.4	2036.2	2392.8	2697.4	2642.9	2965.8	3249.9	3182.6	3302.5
GDP per capita (current US$)	NY.GDP.PCAP.CD	Venezuela, RB	VEN	Unit (0.0)	1135.5	1133.5	1208.2	1257.8	1037.3	1055.8	1073.4	1077.5	1142.5	1149.8	1211.6	1304.6	1387.2	1636.6	2364.4	2465.7	2748.7	3097.3	3286.7	3811.1	4447.1	4855.4	4796.2	4784.2	3317.1	3344.5	3311.1	2481.1	3113.5	2188.5	2382.3	2558.7	2825.8	2746.1	2613.9	3389.8	3026.1	3728.8	3889.6	4091.6	4799.6	4942.0	3666.7	3241.5	4282.0	5444.7	6747.8	8329.6	11223.2	11525.0	13559.1	10728.0	12728.7	14414.8
GDP per capita (current US$)	NY.GDP.PCAP.CD	Vietnam	VNM	Unit (0.0)																										239.4	437.1	593.7	401.9	97.2	98.0	143.0	144.1	189.3	230.0	288.0	337.1	361.3	360.6	374.5	433.3	448.9	477.1	530.9	606.9	699.5	796.7	919.2	1164.6	1232.4	1333.6	1543.0	1755.3	1910.5
GDP per capita (current US$)	NY.GDP.PCAP.CD	Virgin Islands (U.S.)	VIR	Unit (0.0)	756.3	753.7	1016.5	1069.8	1302.7	1511.4	1778.0	2271.7	3183.2	3605.8	3476.2	3619.7	4040.8	4185.7	4393.3	4253.2	4583.3	4965.6	5342.7	6319.8	7503.1	8385.7	8162.7	8816.3	9124.1	9256.1	9723.9	10828.3	11527.3	13047.6	15050.5	15945.5	16752.3	18728.2																				
GDP per capita (current US$)	NY.GDP.PCAP.CD	West Bank and Gaza	WBG	Unit (0.0)																																			1194.8	1300.7	1299.7	1367.8	1420.5	1467.1	1436.4	1301.4	1116.7	1214.7	1296.6	1396.5	1357.3	1483.7	1737.0	1815.0	2185.9	2489.2	2530.1	
GDP per capita (current US$)	NY.GDP.PCAP.CD	Yemen, Rep.	YEM	Unit (0.0)																															479.0	478.9	495.6	391.1	289.5	283.6	371.4	425.1	381.9	448.5	549.9	546.5	576.4	617.2	707.4	831.9	923.5	1210.2	1400.6	1252.3	1394.5	1253.3	1341.3	1473.1
GDP per capita (current US$)	NY.GDP.PCAP.CD	Zambia	ZMB	Unit (0.0)	226.7	215.0	207.8	209.1	236.9	296.4	335.6	352.0	400.5	474.9	426.8	381.5	417.7	524.8	606.6	492.1	534.5	474.2	513.0	592.4	664.3	663.7	620.8	516.1	409.8	329.4	236.4	312.7	500.8	522.4	419.2	420.1	386.8	388.6	388.0	393.3	360.4	419.6	338.0	318.3	322.1	352.6	349.3	398.5	486.7	625.9	908.4	953.1	1175.4	998.4	1225.0	1408.4	1463.3	1539.6
GDP per capita (current US$)	NY.GDP.PCAP.CD	Zimbabwe	ZWE	Unit (0.0)	280.6	282.9	279.0	280.0	284.4	296.6	280.6	296.1	303.6	347.1	361.9	404.6	480.5	573.7	667.3	708.4	677.5	663.2	640.2	736.4	916.3	1058.0	1084.2	947.1	744.9	636.2	676.3	707.6	793.0	815.0	839.6	805.1	614.8	585.5	602.9	611.0	722.0	708.1	523.5	553.7	535.0	538.5	501.7	451.9	457.4	452.8	427.8	415.4	345.4	632.9	723.2	820.2	908.8	904.8
GDP per capita (current US$)	NY.GDP.PCAP.CD	Arab World	ARB	Unit (0.0)									293.6	317.1	336.9	380.4	446.3	553.3	1015.8	1088.3	1306.7	1463.5	1553.0	1986.8	2589.3	2699.0	2395.9	2176.1	2109.6	2011.0	1851.4	1916.6	1792.9	1831.3	1989.7	1905.7	2005.1	1978.8	1974.6	2058.3	2225.1	2316.5	2204.3	2332.5	2617.4	2517.1	2499.2	2754.5	3168.6	3795.9	4410.8	5045.5	6253.3	5268.4	6060.8	7043.0	7626.7	7709.9
GDP per capita (current US$)	NY.GDP.PCAP.CD	Caribbean small states	CSS	Unit (0.0)	444.1	471.5	488.0	510.4	539.6	571.1	609.7	645.9	633.7	681.6	743.0	799.6	914.5	994.0	1272.5	1474.4	1502.2	1721.7	1745.0	1983.8	2416.9	2611.9	2868.1	2901.5	2722.5	2655.8	2388.7	2548.4	2685.6	2726.0	2948.6	2908.0	2840.7	2934.8	3091.7	3365.4	3632.7	4029.0	4390.7	4636.4	5016.1	5111.8	5356.2	5697.2	6163.8	6995.7	7825.3	8660.2	9819.5	8209.8	8623.6	9225.4	9372.8	9565.0
GDP per capita (current US$)	NY.GDP.PCAP.CD	East Asia & Pacific (all income levels)	EAS	Unit (0.0)	147.1	147.3	148.6	161.5	181.5	197.4	215.0	227.6	244.9	274.8	313.6	339.6	411.5	530.9	598.6	643.1	695.5	816.6	1014.9	1086.4	1157.8	1260.5	1213.5	1266.7	1337.5	1395.8	1789.9	2059.0	2439.5	2515.1	2594.2	2879.6	3101.9	3430.1	3781.9	4220.1	4010.3	3808.9	3357.0	3710.2	3967.8	3656.5	3686.0	4020.2	4474.0	4726.1	4978.8	5537.3	6340.2	6469.4	7460.2	8558.9	9076.6	9106.4
GDP per capita (current US$)	NY.GDP.PCAP.CD	East Asia & Pacific (developing only)	EAP	Unit (0.0)	89.9	79.0	71.5	75.0	85.0	96.8	103.0	97.4	95.8	104.8	113.6	118.7	131.3	161.7	179.0	197.3	197.2	224.5	214.7	245.1	279.7	294.8	302.1	311.2	331.3	356.5	348.2	337.7	371.0	395.2	417.5	448.1	494.2	526.0	625.9	763.9	866.8	887.7	802.0	871.6	951.0	1002.9	1098.8	1230.7	1415.3	1623.1	1936.3	2426.9	3045.7	3262.2	3885.3	4699.6	5187.4	5690.0
GDP per capita (current US$)	NY.GDP.PCAP.CD	Euro area	EMU	Unit (0.0)	934.7	1019.5	1120.9	1245.6	1372.8	1484.6	1605.8	1732.3	1845.1	2025.0	2196.2	2475.6	2972.1	3837.1	4317.8	4987.4	5182.7	5873.7	7156.7	8628.1	9623.0	8328.7	8039.7	7827.9	7495.6	7685.9	10761.0	13271.3	14549.9	14798.4	18522.5	19161.4	21028.3	19180.1	20230.1	23302.0	23499.7	21403.7	21921.3	21740.4	19720.9	19919.4	21562.8	26474.5	30162.9	31145.5	32879.7	37622.6	40993.4	37375.1	36519.0	39313.6	36650.0	38167.8
GDP per capita (current US$)	NY.GDP.PCAP.CD	Europe & Central Asia (all income levels)	ECS	Unit (0.0)	660.4	694.8	750.8	818.2	895.8	964.3	1037.8	1106.6	1144.3	1246.1	1350.4	1513.0	1799.7	2272.1	2548.1	2962.6	3060.2	3439.0	4180.0	5057.9	5674.8	5014.6	4805.0	4631.5	4424.3	4549.5	6134.3	7482.1	8264.4	8401.1	10178.4	10438.6	11146.5	10213.3	10676.6	12201.0	12411.8	11746.4	12017.6	11866.4	11148.5	11248.7	12288.3	14949.0	17384.8	18462.9	19926.0	23224.2	25410.7	22226.7	22696.3	24886.7	23852.4	24769.2
GDP per capita (current US$)	NY.GDP.PCAP.CD	Europe & Central Asia (developing only)	ECA	Unit (0.0)																												1396.0	1459.8	1582.0	1799.5	1676.8	1628.2	1671.3	1405.6	1599.8	1631.1	1700.6	2014.1	1847.1	1863.4	1691.4	1973.2	2500.1	3176.4	3873.0	4447.9	5613.4	6658.6	5500.4	6177.4	6852.4	6907.2	7296.7
GDP per capita (current US$)	NY.GDP.PCAP.CD	European Union	EUU	Unit (0.0)	895.4	966.6	1046.6	1142.7	1255.3	1355.8	1458.5	1556.0	1606.5	1753.5	1913.7	2152.0	2562.0	3235.1	3614.5	4206.0	4338.9	4893.8	5961.9	7239.7	8223.5	7244.3	6956.1	6721.8	6438.3	6634.9	9015.6	11042.5	12257.0	12480.2	15347.5	15864.5	17218.1	15653.8	16625.7	19085.4	19450.0	18306.3	18919.9	18864.0	17468.3	17634.0	19180.3	23298.3	26795.9	27909.0	29651.1	34161.5	36612.4	32598.5	32380.8	34920.1	32917.0	34240.2
GDP per capita (current US$)	NY.GDP.PCAP.CD	Heavily indebted poor countries (HIPC)	HPC	Unit (0.0)	108.3	108.5	115.5	136.6	118.6	135.4	144.0	137.4	140.0	152.1	155.2	162.9	172.0	203.0	240.3	265.7	275.6	315.1	357.1	384.6	396.6	384.5	375.3	346.4	337.5	343.3	383.3	411.8	397.9	372.4	367.7	365.3	324.4	319.8	275.0	305.5	311.7	317.3	318.7	308.5	324.9	299.2	314.5	348.0	389.9	433.4	502.2	583.1	681.9	661.0	709.3	770.0	805.6	857.2
GDP per capita (current US$)	NY.GDP.PCAP.CD	High income	HIC	Unit (0.0)	1225.7	1278.5	1363.7	1449.5	1564.2	1678.1	1822.2	1935.4	2076.9	2254.6	2492.9	2742.5	3152.2	3783.3	4227.2	4678.4	5056.7	5675.6	6749.1	7728.1	8552.6	8624.2	8481.0	8698.6	9016.2	9411.5	11315.4	12975.7	14504.3	15094.9	16760.7	17549.7	18687.5	18721.4	19896.5	21787.0	21822.8	21392.9	21208.4	22109.7	22500.5	22198.6	23017.4	25684.9	28499.3	30062.4	31696.4	34583.8	36683.9	33915.8	35562.6	38335.6	38389.5	38623.2
GDP per capita (current US$)	NY.GDP.PCAP.CD	High income: OECD	OEC	Unit (0.0)	1426.8	1487.3	1586.9	1687.5	1821.2	1955.3	2123.4	2255.2	2420.4	2626.1	2903.9	3190.9	3666.3	4392.9	4857.2	5387.6	5803.3	6511.7	7771.2	8861.9	9736.7	9792.2	9676.1	9983.4	10373.2	10876.5	13184.2	15136.0	16945.5	17598.4	19593.3	20533.4	21880.9	21906.3	23326.6	25610.5	25578.7	24967.9	24941.8	26064.4	26351.9	25966.1	26902.5	30006.0	33133.2	34670.5	36267.8	39323.2	41275.4	38618.3	40114.3	42797.9	42627.0	42800.4
GDP per capita (current US$)	NY.GDP.PCAP.CD	High income: nonOECD	NOC	Unit (0.0)																														4811.6	5130.1	5268.4	5391.7	5433.1	5543.1	5858.2	6149.2	6434.3	5539.6	5451.0	6215.3	6222.7	6502.5	7259.7	8702.6	10369.5	12173.1	14388.4	17198.0	13972.6	16380.3	19631.2	20735.0	21355.9
GDP per capita (current US$)	NY.GDP.PCAP.CD	Latin America & Caribbean (all income levels)	LCN	Unit (0.0)	369.4	381.4	426.9	416.4	450.7	473.8	506.1	505.1	530.5	579.2	614.1	668.8	733.7	937.4	1188.5	1218.1	1323.0	1423.0	1577.0	1834.2	2136.5	2408.1	2206.2	1917.0	1853.6	1867.5	1864.6	1924.8	2139.7	2311.6	2626.3	2739.4	2916.2	3327.1	3844.3	4014.1	4261.8	4587.5	4533.8	4048.5	4401.5	4233.7	3698.4	3760.2	4259.8	5089.6	5894.4	6861.1	7867.3	7306.3	8912.6	9874.6	9773.3	10007.3
GDP per capita (current US$)	NY.GDP.PCAP.CD	Latin America & Caribbean (developing only)	LAC	Unit (0.0)	355.3	362.8	406.6	395.9	428.8	452.2	482.4	481.7	507.0	551.3	583.5	631.2	697.1	887.4	1152.1	1211.0	1310.8	1399.6	1548.8	1789.2	2069.7	2334.5	2147.6	1868.2	1799.7	1821.2	1815.5	1863.0	2073.9	2241.3	2555.6	2656.8	2817.4	3235.9	3751.4	3886.2	4130.4	4444.2	4383.6	3884.8	4235.7	4065.1	3519.9	3567.2	4034.1	4838.9	5611.8	6573.7	7585.0	7030.4	8611.9	9539.8	9404.3	9616.8
GDP per capita (current US$)	NY.GDP.PCAP.CD	Least developed countries: UN classification	LDC	Unit (0.0)																					293.7	287.6	280.3	255.5	250.6	264.8	280.0	300.8	299.5	295.3	298.8	299.2	256.7	252.8	228.6	253.8	263.6	272.0	266.9	262.8	292.2	273.2	288.0	315.2	358.8	409.9	466.9	561.1	676.2	653.9	713.4	786.3	815.2	863.2
GDP per capita (current US$)	NY.GDP.PCAP.CD	Low & middle income	LMY	Unit (0.0)	134.6	127.8	131.2	137.7	149.7	161.5	162.9	163.3	168.6	183.9	196.3	206.3	225.4	278.4	345.4	373.4	394.6	435.0	463.5	536.5	611.5	650.7	631.7	605.5	600.3	619.5	635.5	640.0	677.2	706.6	764.8	762.2	796.6	845.9	928.8	1029.2	1110.3	1158.2	1129.6	1100.3	1173.1	1158.6	1154.3	1277.1	1476.9	1719.8	1996.5	2427.8	2856.0	2812.9	3364.9	3856.2	4014.4	4208.7
GDP per capita (current US$)	NY.GDP.PCAP.CD	Low income	LIC	Unit (0.0)	93.7	94.8	100.5	116.9	98.4	111.4	119.5	117.9	119.6	130.4	132.5	138.1	131.5	156.6	192.8	236.7	192.3	209.7	245.3	266.6	283.1	274.5	270.0	246.8	235.6	240.2	253.5	262.1	275.8	269.9	280.9	277.1	248.1	238.6	215.8	241.4	263.2	267.2	267.1	260.0	280.7	258.3	264.4	283.4	310.4	339.1	363.5	418.1	485.0	506.8	537.7	584.9	634.9	676.9
GDP per capita (current US$)	NY.GDP.PCAP.CD	Lower middle income	LMC	Unit (0.0)	99.8	103.7	104.1	113.7	126.6	132.8	115.5	120.0	126.0	137.4	148.4	151.0	159.9	185.8	230.9	244.7	269.5	302.7	329.7	365.3	443.6	459.1	452.8	433.1	418.3	427.5	434.9	468.1	479.3	475.8	498.3	469.1	481.3	473.1	504.7	555.7	595.1	603.3	532.5	570.6	593.8	590.0	623.5	702.8	792.8	900.1	1053.8	1281.3	1403.3	1414.0	1754.3	1956.8	1993.9	2044.3
GDP per capita (current US$)	NY.GDP.PCAP.CD	Middle East & North Africa (all income levels)	MEA	Unit (0.0)									299.1	326.0	350.7	399.3	476.8	627.8	1105.0	1171.2	1410.8	1587.7	1630.7	2043.4	2536.3	2633.2	2508.7	2455.7	2388.3	2344.5	2328.1	2048.5	1944.8	1951.4	2105.6	2055.9	2201.5	2170.2	2209.2	2438.0	2695.6	2748.0	2635.4	2749.1	3020.7	2959.8	2902.8	3192.2	3651.6	4298.9	4956.4	5738.7	7095.8	6190.3	7086.2	8303.9	8754.1	8479.8
GDP per capita (current US$)	NY.GDP.PCAP.CD	Middle East & North Africa (developing only)	MNA	Unit (0.0)																																		1168.6	1169.2	1306.0	1473.1	1493.6	1507.7	1539.4	1577.0	1589.2	1530.5	1676.2	1899.0	2179.0	2495.5	3018.9	3748.3	3538.1	4014.7	4519.5	4697.8	4313.1
GDP per capita (current US$)	NY.GDP.PCAP.CD	Middle income	MIC	Unit (0.0)	141.0	133.4	136.5	142.2	157.5	169.4	170.2	170.8	176.5	192.6	206.2	216.9	238.8	295.5	366.8	393.9	421.9	465.4	493.9	573.6	656.0	701.1	680.4	653.8	649.4	670.8	687.7	692.2	732.9	767.1	832.2	830.3	873.6	931.6	1029.6	1141.8	1232.7	1288.0	1256.6	1225.2	1307.1	1294.9	1290.6	1430.7	1658.7	1936.9	2255.3	2749.0	3238.7	3189.4	3829.9	4399.6	4582.4	4809.1
GDP per capita (current US$)	NY.GDP.PCAP.CD	North America	NAC	Unit (0.0)	2828.0	2870.7	3030.3	3152.0	3341.3	3579.4	3882.8	4060.6	4389.8	4699.0	5140.0	5524.6	6016.7	6656.8	7221.8	7786.5	8626.6	9413.5	10440.4	11529.6	12452.9	13825.1	14242.6	15346.1	16803.7	17848.8	18645.0	19712.1	21219.3	22689.8	23689.5	24123.8	25013.4	25813.9	26981.3	27961.7	29184.5	30598.9	31759.8	33408.7	35248.7	35941.8	36786.3	38540.5	40939.8	43503.4	45841.2	47710.4	48217.9	46391.0	48276.9	50053.4	51826.5	53025.8
GDP per capita (current US$)	NY.GDP.PCAP.CD	Not classified	INX	Unit (0.0)																																																						
GDP per capita (current US$)	NY.GDP.PCAP.CD	OECD members	OED	Unit (0.0)	1326.7	1372.5	1462.8	1555.3	1678.2	1799.1	1952.6	2071.7	2221.0	2406.7	2649.4	2902.7	3330.6	3985.0	4416.5	4902.9	5267.4	5879.4	7001.4	8001.8	8792.7	8883.4	8681.7	8902.2	9247.7	9682.1	11616.8	13303.9	14886.3	15478.0	17249.1	18076.7	19257.4	19395.2	20552.5	22337.3	22332.4	21858.7	21891.3	22860.4	23174.1	22797.5	23618.2	26261.0	29007.2	30432.4	31866.9	34578.6	36309.1	33752.1	35185.2	37528.2	37342.4	37521.9
GDP per capita (current US$)	NY.GDP.PCAP.CD	Other small states	OSS	Unit (0.0)																					1167.2	1085.3	994.2	988.1	935.1	841.1	928.1	1066.0	1207.8	1256.6	1545.3	1547.5	1635.5	1519.6	1533.2	1698.4	1758.5	1738.8	1605.3	1667.8	1739.3	1683.4	1696.1	2144.4	2618.2	2937.2	3169.2	3644.7	4298.8	3630.7	4275.9	4954.1	4844.2	4839.3
GDP per capita (current US$)	NY.GDP.PCAP.CD	Pacific island small states	PSS	Unit (0.0)												366.5	430.9	575.3	800.5	875.6	860.0	879.0	998.4	1197.2	1330.8	1339.6	1278.0	1197.1	1282.8	1193.1	1275.4	1236.8	1278.2	1320.3	1403.7	1477.5	1593.7	1650.9	1865.7	1984.4	2099.5	2067.1	1753.7	1887.9	1743.7	1685.5	1758.6	2047.8	2340.9	2530.7	2626.8	2843.4	3064.1	2643.5	2906.4	3313.1	3517.7	3545.4
GDP per capita (current US$)	NY.GDP.PCAP.CD	Small states	SST	Unit (0.0)	248.6	264.8	275.0	283.6	305.6	326.7	346.4	365.2	360.1	386.1	417.1	451.1	511.1	595.2	806.0	946.9	1016.6	1101.5	1115.1	1299.6	1582.0	1596.5	1619.3	1614.4	1526.1	1435.6	1401.3	1521.9	1645.4	1684.3	1928.2	1918.8	1959.4	1914.7	1980.9	2166.6	2284.2	2373.2	2355.9	2466.8	2596.1	2573.3	2643.8	3045.4	3496.9	3929.5	4294.1	4831.2	5567.9	4678.3	5229.1	5858.6	5826.2	5858.7
GDP per capita (current US$)	NY.GDP.PCAP.CD	South Asia	SAS	Unit (0.0)	83.2	86.9	90.8	99.9	112.0	117.7	96.5	103.8	106.5	114.3	121.0	125.8	123.7	138.4	163.7	171.3	163.5	184.7	205.2	224.3	264.1	272.9	275.9	285.5	278.9	295.0	305.5	331.8	348.3	342.8	361.7	315.7	328.2	318.2	353.8	385.2	408.8	420.9	419.0	441.5	450.7	454.4	470.4	540.1	617.2	696.9	785.5	981.8	984.8	1068.0	1289.0	1415.9	1396.2	1409.3
GDP per capita (current US$)	NY.GDP.PCAP.CD	Sub-Saharan Africa (all income levels)	SSF	Unit (0.0)	130.4	132.2	140.0	156.8	149.1	162.1	170.8	164.5	171.5	191.7	219.9	217.8	239.4	298.4	378.8	406.1	429.8	459.3	499.0	580.3	710.1	693.9	631.0	571.3	528.9	479.3	514.7	591.7	605.1	610.9	597.3	597.2	571.8	527.6	500.0	564.0	569.2	573.3	526.7	515.5	538.1	486.5	505.0	626.9	759.6	865.6	981.2	1110.0	1234.3	1140.9	1495.3	1643.7	1666.4	1716.3
GDP per capita (current US$)	NY.GDP.PCAP.CD	Sub-Saharan Africa (developing only)	SSA	Unit (0.0)	130.5	132.3	140.2	157.0	149.3	162.1	170.8	164.4	171.5	191.8	220.0	217.9	239.5	298.6	379.0	406.3	430.0	459.5	499.2	580.6	710.4	694.2	631.3	571.6	529.2	479.5	515.0	592.0	605.3	611.1	597.6	597.5	572.0	527.8	500.2	564.2	569.2	573.0	526.5	515.0	536.9	484.7	502.8	624.0	754.2	857.1	971.6	1098.1	1216.5	1130.6	1482.9	1627.1	1649.6	1700.9
GDP per capita (current US$)	NY.GDP.PCAP.CD	Upper middle income	UMC	Unit (0.0)	175.6	158.8	164.5	167.5	185.0	201.3	215.3	212.9	218.5	238.3	254.0	270.7	302.7	383.8	476.3	514.4	546.3	599.4	630.9	747.4	836.5	907.1	876.0	844.5	849.6	882.7	909.1	891.4	959.2	1027.9	1132.8	1158.2	1232.4	1355.0	1517.6	1690.2	1832.9	1936.8	1947.0	1853.0	1995.7	1979.9	1943.2	2148.1	2518.8	2974.3	3466.8	4240.8	5117.6	5021.1	5988.6	6959.1	7313.7	7747.3
GDP per capita (current US$)	NY.GDP.PCAP.CD	World	WLD	Unit (0.0)	444.9	456.5	482.2	508.3	546.1	582.9	619.1	645.4	681.8	735.0	800.5	866.5	979.6	1171.6	1323.7	1448.4	1547.5	1719.0	1991.4	2268.2	2505.1	2533.2	2466.3	2478.9	2529.5	2614.3	3036.7	3386.3	3723.3	3845.1	4220.6	4357.3	4591.1	4604.3	4882.1	5323.4	5358.4	5272.6	5178.3	5302.6	5405.0	5304.2	5433.3	6022.1	6696.0	7159.7	7663.5	8531.0	9245.0	8654.7	9377.2	10258.8	10351.3	10512.9